candidate_id,date,code,name,industry,market_regime,eligible,market_ok,alpha_pass,entry_pass,regime_pass,sector_data_status,four_no_pass,stop_valid,rr_pass,position_neutral_sizing_feasible,alpha_total,sector_bonus,ranking_score,trend_score,relative_strength_score,volume_quality_score,risk_score,sector_heat_score,entry_score,hard_pass,rank,selected,reason_code,order_intent_id,pending_order_id,requested_shares,shares,signal_close,planned_stop,planned_target,ex_ante_rr,initial_risk_cash,stop,target,rr,reason_codes,reasons
cand_ce317c6ee7bc3126,2026-01-05,002985,北摩高科,制造业,BULL,1,1,1,1,1,mapped,1,1,1,1,95.000000,1.244375,96.244375,35.000000,20.000000,20.000000,20.000000,90.739583,60.000000,1,1,1,ok,intent_bec463ec5e3e2485,pend_30a828fe427b235b,400,400,32.370000,30.899400,36.201429,2.605351,588.240000,30.899400,36.201429,2.605351,ok,MA20>MA60|MA60>MA120|close>MA20|rs20=13.65|rs60=9.15|up_volume_confirm|volume_not_exhausted|pullback_volume_control|trend_ma20_gt_ma60|price_recovered|volume_confirmed|rsi_entry_zone
cand_bae279a13562ebe9,2026-01-05,600219,南山铝业,制造业,BULL,1,1,1,1,1,mapped,1,1,1,1,95.000000,1.244375,96.244375,35.000000,20.000000,20.000000,20.000000,90.739583,60.000000,1,2,1,ok,intent_30242dacd1b63401,pend_fd49f9a63cf0c03b,2700,2700,5.500000,5.311600,6.040000,2.866242,508.680000,5.311600,6.040000,2.866242,ok,MA20>MA60|MA60>MA120|close>MA20|rs20=8.25|rs60=33.97|up_volume_confirm|volume_not_exhausted|pullback_volume_control|trend_ma20_gt_ma60|price_recovered|volume_confirmed|rsi_entry_zone
cand_3886998a0f3c29d6,2026-01-05,603306,华懋科技,制造业,BULL,1,1,1,1,1,mapped,1,1,1,1,92.000000,1.244375,93.244375,40.000000,20.000000,20.000000,12.000000,90.739583,60.000000,1,3,1,ok,intent_b86d79e9dd9fbb27,pend_82a255c5b014f708,100,100,65.780000,62.524000,74.878571,2.794402,651.200000,62.524000,74.878571,2.794402,ok,MA20>MA60|MA60>MA120|close>MA20|trend_persistence|rs20=35.95|rs60=25.48|up_volume_confirm|volume_not_exhausted|pullback_volume_control|mid_atr|trend_ma20_gt_ma60|price_recovered|volume_confirmed|rsi_entry_zone
cand_9eeec22227227f43,2026-01-05,000933,神火股份,制造业,BULL,1,1,1,1,1,mapped,1,1,1,1,90.000000,1.244375,91.244375,35.000000,20.000000,15.000000,20.000000,90.739583,60.000000,1,4,1,ok,intent_36ddd8c674426ba4,pend_7a2271da68bea487,100,100,28.470000,27.694800,31.523571,3.939076,387.600000,27.694800,31.523571,3.939076,ok,MA20>MA60|MA60>MA120|close>MA20|rs20=6.58|rs60=34.05|up_volume_confirm|volume_not_exhausted|trend_ma20_gt_ma60|price_recovered|volume_confirmed|rsi_entry_zone
cand_ff067ca99be3ba78,2026-01-05,002446,盛路通信,制造业,BULL,1,1,1,1,1,mapped,1,1,1,1,87.000000,1.244375,88.244375,35.000000,20.000000,20.000000,12.000000,90.739583,60.000000,1,5,1,ok,intent_70209a6ae577fbac,pend_ac406a76af91b4f1,200,200,10.770000,10.290000,12.602143,3.816964,624.000000,10.290000,12.602143,3.816964,ok,MA20>MA60|MA60>MA120|close>MA20|rs20=19.18|rs60=24.33|up_volume_confirm|volume_not_exhausted|pullback_volume_control|mid_atr|trend_ma20_gt_ma60|price_recovered|volume_confirmed|rsi_entry_zone
cand_5e5f3cc8567452b2,2026-01-09,600320,振华重工,制造业,BULL,1,1,1,1,1,mapped,1,1,1,1,95.000000,1.331594,96.331594,35.000000,20.000000,20.000000,20.000000,92.193237,60.000000,1,1,1,ok,intent_044d1ac59db2e27c,pend_7223cdbeac4c088f,1000,1000,5.300000,5.056800,5.795000,2.035362,680.960000,5.056800,5.795000,2.035362,ok,MA20>MA60|MA60>MA120|close>MA20|rs20=3.65|rs60=8.74|up_volume_confirm|volume_not_exhausted|pullback_volume_control|trend_ma20_gt_ma60|price_recovered|volume_confirmed|rsi_entry_zone
cand_c16bcfd86f9e9cc5,2026-01-13,601100,恒立液压,制造业,BULL,1,1,1,1,1,mapped,1,1,1,1,87.000000,0.682149,87.682149,35.000000,20.000000,20.000000,12.000000,81.369146,60.000000,1,1,1,ok,intent_9533a159d8298a8a,pend_ac917c2656dc8ef8,100,100,120.290000,116.051600,136.770000,3.888260,423.840000,116.051600,136.770000,3.888260,ok,MA20>MA60|MA60>MA120|close>MA20|rs20=5.08|rs60=29.27|up_volume_confirm|volume_not_exhausted|pullback_volume_control|mid_atr|trend_ma20_gt_ma60|price_recovered|volume_confirmed|rsi_entry_zone
cand_6215266782bf8ea7,2026-01-13,601212,白银有色,制造业,BULL,1,1,1,1,1,mapped,1,1,1,1,82.000000,0.682149,82.682149,40.000000,10.000000,20.000000,12.000000,81.369146,60.000000,1,2,1,ok,intent_9b8f4825756334ba,pend_83c4b9311d1bb57f,1000,1000,6.550000,6.164200,7.675000,2.916019,848.760000,6.164200,7.675000,2.916019,ok,MA20>MA60|MA60>MA120|close>MA20|trend_persistence|rs20=24.00|up_volume_confirm|volume_not_exhausted|pullback_volume_control|mid_atr|trend_ma20_gt_ma60|price_recovered|volume_confirmed|rsi_entry_zone
cand_fd80f613e72b90ae,2026-01-15,002957,科瑞技术,制造业,BULL,1,1,1,1,1,mapped,1,1,1,1,100.000000,0.838491,100.838491,40.000000,20.000000,20.000000,20.000000,83.974856,60.000000,1,1,1,ok,intent_4c4ffec47b67f98d,pend_962e0bb4fc8d23c0,400,400,24.010000,22.736000,26.635000,2.060440,764.400000,22.736000,26.635000,2.060440,ok,MA20>MA60|MA60>MA120|close>MA20|trend_persistence|rs20=21.73|rs60=14.58|up_volume_confirm|volume_not_exhausted|pullback_volume_control|trend_ma20_gt_ma60|price_recovered|volume_confirmed|rsi_entry_zone
cand_235d13b697e8cbfa,2026-01-15,600650,锦江在线,交通运输、仓储和邮政业,BULL,1,1,1,1,1,fallback,1,1,1,1,75.000000,0.000000,75.000000,25.000000,20.000000,10.000000,20.000000,0.000000,60.000000,1,5,1,ok,intent_b3e451c7af22e7d9,pend_f1a1be876f754604,800,800,17.120000,16.718800,19.020714,4.737573,320.960000,16.718800,19.020714,4.737573,ok,MA20>MA60|close>MA20|rs20=1.49|rs60=4.90|up_volume_confirm|trend_ma20_gt_ma60|price_recovered|volume_confirmed|rsi_entry_zone
cand_8d1c58764c6021b6,2026-01-16,688147,微导纳米,制造业,BULL,1,1,1,1,1,mapped,1,1,1,1,87.000000,1.144672,88.144672,35.000000,20.000000,20.000000,12.000000,89.077866,60.000000,1,2,1,ok,intent_832646cccfe2dd73,pend_e6462b3e6c8cbc19,100,100,79.500000,74.284000,93.563571,2.696237,521.600000,74.284000,93.563571,2.696237,ok,MA20>MA60|MA60>MA120|close>MA20|rs20=15.87|rs60=55.81|up_volume_confirm|volume_not_exhausted|pullback_volume_control|mid_atr|trend_ma20_gt_ma60|price_recovered|volume_confirmed|rsi_entry_zone
cand_a72535d507262df6,2026-01-19,600487,亨通光电,制造业,BULL,1,1,1,1,1,mapped,1,1,1,1,90.000000,1.170573,91.170573,35.000000,20.000000,15.000000,20.000000,89.509556,60.000000,1,1,1,ok,intent_34580949fcddf879,pend_a3e16024ae51708e,100,100,27.080000,26.371800,30.035000,4.172550,354.100000,26.371800,30.035000,4.172550,ok,MA20>MA60|MA60>MA120|close>MA20|rs20=15.83|rs60=25.93|up_volume_confirm|volume_not_exhausted|trend_ma20_gt_ma60|price_recovered|volume_confirmed|rsi_entry_zone
cand_37738499082f6485,2026-01-22,300739,明阳电路,制造业,BULL,1,1,1,1,1,fallback,1,1,1,1,87.000000,0.000000,87.000000,35.000000,20.000000,20.000000,12.000000,0.000000,80.000000,1,1,1,ok,intent_9b13edd2442e3f38,pend_2ec38b15f46414b8,700,700,20.010000,18.963000,22.240000,2.129895,732.900000,18.963000,22.240000,2.129895,ok,MA20>MA60|MA60>MA120|close>MA20|rs20=9.62|rs60=15.66|up_volume_confirm|volume_not_exhausted|pullback_volume_control|mid_atr|trend_ma20_gt_ma60|pullback_reclaimed_ma20|price_recovered|volume_confirmed|rsi_entry_zone
cand_60247cc3ece7e7cb,2026-01-22,002080,中材科技,制造业,BULL,1,1,1,1,1,fallback,1,1,1,1,87.000000,0.000000,87.000000,35.000000,20.000000,20.000000,12.000000,0.000000,60.000000,1,2,1,ok,intent_4445a9feff8df63b,pend_530d192c0fc13ec3,200,200,41.140000,38.416000,46.700000,2.041116,817.200000,38.416000,46.700000,2.041116,ok,MA20>MA60|MA60>MA120|close>MA20|rs20=6.29|rs60=18.43|up_volume_confirm|volume_not_exhausted|pullback_volume_control|mid_atr|trend_ma20_gt_ma60|price_recovered|volume_confirmed|rsi_entry_zone
cand_0c02e42f10a599b5,2026-01-23,002585,双星新材,制造业,BULL,1,1,1,1,1,fallback,1,1,1,1,87.000000,0.000000,87.000000,35.000000,20.000000,20.000000,12.000000,0.000000,60.000000,1,1,1,ok,intent_646aceeb4bfb4d3a,pend_3176d2aa5df0db8d,200,200,7.990000,7.408800,9.190000,2.064694,988.040000,7.408800,9.190000,2.064694,ok,MA20>MA60|MA60>MA120|close>MA20|rs20=16.37|rs60=50.30|up_volume_confirm|volume_not_exhausted|pullback_volume_control|mid_atr|trend_ma20_gt_ma60|price_recovered|volume_confirmed|rsi_entry_zone
cand_d779e30efdc34a5d,2026-01-28,601857,中国石油,采矿业,BULL,1,1,1,1,1,mapped,1,1,1,1,90.000000,1.734545,91.734545,35.000000,20.000000,15.000000,20.000000,98.909091,60.000000,1,1,1,ok,intent_29f1fae98aa5815a,pend_a110c18a16c21627,1400,1400,10.770000,10.319400,11.815714,2.320715,585.780000,10.319400,11.815714,2.320715,ok,MA20>MA60|MA60>MA120|close>MA20|rs20=5.36|rs60=11.27|up_volume_confirm|volume_not_exhausted|trend_ma20_gt_ma60|price_recovered|volume_confirmed|rsi_entry_zone
cand_d9c1cec06fc40e26,2026-01-28,688601,力芯微,制造业,BULL,1,1,1,1,1,fallback,1,1,1,1,82.000000,0.000000,82.000000,35.000000,20.000000,15.000000,12.000000,0.000000,60.000000,1,2,1,ok,intent_0b6449b257bb868d,pend_6d1d1f149782443e,200,200,56.540000,52.802400,65.156429,2.305337,747.520000,52.802400,65.156429,2.305337,ok,MA20>MA60|MA60>MA120|close>MA20|rs20=27.27|rs60=40.39|up_volume_confirm|volume_not_exhausted|mid_atr|trend_ma20_gt_ma60|price_recovered|volume_confirmed|rsi_entry_zone
cand_581e18fb6938cb4d,2026-01-28,300708,聚灿光电,制造业,BULL,1,1,1,1,1,fallback,1,1,1,1,72.000000,0.000000,72.000000,25.000000,20.000000,15.000000,12.000000,0.000000,60.000000,1,3,1,ok,intent_1a43dc3f1aa67584,pend_0f5c0206ea51ea1e,1300,1300,10.510000,9.927400,11.800000,2.214212,815.640000,9.927400,11.800000,2.214212,ok,MA20>MA60|close>MA20|rs20=17.47|rs60=14.36|up_volume_confirm|volume_not_exhausted|mid_atr|trend_ma20_gt_ma60|price_recovered|volume_confirmed|rsi_entry_zone
cand_26d34deafb8c80f6,2026-01-29,300863,卡倍亿,制造业,BULL,1,1,1,1,1,fallback,1,1,1,1,72.000000,0.000000,72.000000,35.000000,20.000000,5.000000,12.000000,0.000000,70.000000,1,1,1,ok,intent_b18aa654f8c79478,pend_1fb0daa56318282a,200,200,55.000000,53.762800,58.470000,2.804720,247.440000,53.762800,58.470000,2.804720,ok,MA20>MA60|MA60>MA120|close>MA20|rs20=4.76|rs60=9.30|pullback_volume_control|mid_atr|trend_ma20_gt_ma60|near_ma20|pullback_reclaimed_ma20|rsi_entry_zone
cand_1ff9618e6e6f76cc,2026-01-30,002970,锐明技术,信息传输、软件和信息技术服务业,BULL,1,1,1,1,1,mapped,1,1,1,1,77.000000,0.072000,77.072000,35.000000,20.000000,10.000000,12.000000,71.200000,60.000000,1,1,1,ok,intent_83b2d95106d892ae,pend_2adb2a06707464ea,200,200,61.510000,58.290400,69.963571,2.625659,643.920000,58.290400,69.963571,2.625659,ok,MA20>MA60|MA60>MA120|close>MA20|rs20=25.17|rs60=35.41|up_volume_confirm|mid_atr|trend_ma20_gt_ma60|price_recovered|volume_confirmed|rsi_entry_zone
cand_2696e5d1b52bfb37,2026-02-02,000415,渤海租赁,租赁和商务服务业,NORMAL,1,1,1,1,1,mapped,1,1,1,1,72.000000,0.458824,72.458824,35.000000,20.000000,5.000000,12.000000,77.647059,80.000000,1,1,1,ok,intent_7ede09b417116cf3,pend_c409017205090fdf,2500,2500,4.330000,4.223800,4.550000,2.071563,361.080000,4.223800,4.550000,2.071563,ok,MA20>MA60|MA60>MA120|close>MA20|rs20=9.02|rs60=22.48|pullback_volume_control|mid_atr|trend_ma20_gt_ma60|near_ma20|pullback_reclaimed_ma20|volume_confirmed|rsi_entry_zone
cand_8548b3fbdecebfc0,2026-02-03,688155,先惠技术,制造业,BULL,1,1,1,1,1,fallback,1,1,1,1,80.000000,0.000000,80.000000,40.000000,20.000000,20.000000,0.000000,0.000000,60.000000,1,1,1,ok,intent_e885a92f1d94b4df,pend_a1ff7d981c688b03,100,100,97.980000,90.160000,119.616429,2.766807,782.000000,90.160000,119.616429,2.766807,ok,MA20>MA60|MA60>MA120|close>MA20|trend_persistence|rs20=46.33|rs60=62.48|up_volume_confirm|volume_not_exhausted|pullback_volume_control|high_atr|extended_from_ma20|trend_ma20_gt_ma60|price_recovered|volume_confirmed|rsi_entry_zone
cand_707c5b49dfa1527f,2026-02-03,300398,飞凯材料,制造业,BULL,1,1,1,1,1,fallback,1,1,1,1,77.000000,0.000000,77.000000,25.000000,20.000000,20.000000,12.000000,0.000000,60.000000,1,2,1,ok,intent_6aec17891f31706d,pend_0780efd3d85cea73,500,500,28.230000,26.509000,32.420000,2.434631,860.500000,26.509000,32.420000,2.434631,ok,MA20>MA60|close>MA20|rs20=21.39|rs60=24.05|up_volume_confirm|volume_not_exhausted|pullback_volume_control|mid_atr|trend_ma20_gt_ma60|price_recovered|volume_confirmed|rsi_entry_zone
cand_605e77e38be63654,2026-02-05,600233,圆通速递,交通运输、仓储和邮政业,BULL,1,1,1,1,1,fallback,1,1,1,1,80.000000,0.000000,80.000000,25.000000,20.000000,15.000000,20.000000,0.000000,60.000000,1,1,1,ok,intent_c75b9b0171e3983c,pend_6f9ff936de3f03f3,800,800,18.130000,17.346000,19.702857,2.006195,627.200000,17.346000,19.702857,2.006195,ok,MA20>MA60|close>MA20|rs20=11.36|rs60=9.55|up_volume_confirm|volume_not_exhausted|trend_ma20_gt_ma60|price_recovered|volume_confirmed|rsi_entry_zone
cand_69e00d7dd88d239b,2026-02-09,300739,明阳电路,制造业,BULL,1,1,1,1,1,fallback,1,1,1,1,87.000000,0.000000,87.000000,35.000000,20.000000,20.000000,12.000000,0.000000,80.000000,1,1,1,ok,intent_6fbafeb829367332,pend_10b777c5c8d0c777,700,700,20.710000,19.541200,23.300000,2.215948,818.160000,19.541200,23.300000,2.215948,ok,MA20>MA60|MA60>MA120|close>MA20|rs20=7.20|rs60=25.54|up_volume_confirm|volume_not_exhausted|pullback_volume_control|mid_atr|trend_ma20_gt_ma60|pullback_reclaimed_ma20|price_recovered|volume_confirmed|rsi_entry_zone
cand_e87ae7d2ea64838f,2026-02-09,603876,鼎胜新材,制造业,BULL,1,1,1,1,1,fallback,1,1,1,1,87.000000,0.000000,87.000000,35.000000,20.000000,20.000000,12.000000,0.000000,60.000000,1,2,1,ok,intent_349f4d2fd5e13361,pend_f330ecb1216a1d4a,800,800,18.350000,17.659600,21.320000,4.301854,552.320000,17.659600,21.320000,4.301854,ok,MA20>MA60|MA60>MA120|close>MA20|rs20=12.56|rs60=21.97|up_volume_confirm|volume_not_exhausted|pullback_volume_control|mid_atr|trend_ma20_gt_ma60|price_recovered|volume_confirmed|rsi_entry_zone
cand_1c83a73d5dfe7b57,2026-02-09,001896,豫能控股,电力、热力、燃气及水生产和供应业,BULL,1,1,1,1,1,mapped,1,1,1,1,85.000000,0.000000,85.000000,35.000000,20.000000,10.000000,20.000000,67.779454,60.000000,1,3,1,ok,intent_5096165b10e40413,pend_4efa872e24447861,2200,2200,6.770000,6.438600,7.524286,2.276058,729.080000,6.438600,7.524286,2.276058,ok,MA20>MA60|MA60>MA120|close>MA20|rs20=14.12|rs60=13.42|up_volume_confirm|trend_ma20_gt_ma60|price_recovered|volume_confirmed|rsi_entry_zone
cand_e1233d32cdafcfb8,2026-02-10,300408,三环集团,制造业,BULL,1,1,1,1,1,fallback,1,1,1,1,87.000000,0.000000,87.000000,35.000000,20.000000,20.000000,12.000000,0.000000,60.000000,1,1,1,ok,intent_6da22227eb6b082f,pend_c97daf03aa4d408d,100,100,56.750000,53.704000,64.115000,2.417925,609.200000,53.704000,64.115000,2.417925,ok,MA20>MA60|MA60>MA120|close>MA20|rs20=16.59|rs60=25.59|up_volume_confirm|volume_not_exhausted|pullback_volume_control|mid_atr|trend_ma20_gt_ma60|price_recovered|volume_confirmed|rsi_entry_zone
cand_29debcf2b6bc58c2,2026-02-11,300738,奥飞数据,信息传输、软件和信息技术服务业,BULL,1,1,1,1,1,mapped,1,1,1,1,70.000000,0.000000,70.000000,25.000000,20.000000,20.000000,5.000000,56.588252,60.000000,1,3,1,ok,intent_4befd1f8e998b36b,pend_684aacc00782e571,600,600,25.280000,23.794400,29.690000,2.968498,742.800000,23.794400,29.690000,2.968498,ok,MA20>MA60|close>MA20|rs20=4.45|rs60=28.67|up_volume_confirm|volume_not_exhausted|pullback_volume_control|high_atr|trend_ma20_gt_ma60|price_recovered|volume_confirmed|rsi_entry_zone
cand_2be882fe46977565,2026-02-12,600388,龙净环保,制造业,BULL,1,1,1,1,1,fallback,1,1,1,1,100.000000,0.000000,100.000000,40.000000,20.000000,20.000000,20.000000,0.000000,60.000000,1,1,1,ok,intent_00b1d62912cd678d,pend_22f7d7df0f720d06,100,100,19.010000,18.198600,21.116429,2.596042,567.980000,18.198600,21.116429,2.596042,ok,MA20>MA60|MA60>MA120|close>MA20|trend_persistence|rs20=21.91|rs60=15.95|up_volume_confirm|volume_not_exhausted|pullback_volume_control|trend_ma20_gt_ma60|price_recovered|volume_confirmed|rsi_entry_zone
cand_8bbde6c8324f7ab8,2026-02-25,603612,索通发展,制造业,BULL,1,1,1,1,1,mapped,1,1,1,1,92.000000,0.952679,92.952679,40.000000,20.000000,20.000000,12.000000,85.877983,60.000000,1,1,1,ok,intent_2b01aa146ea88989,pend_d029a37b785f852e,400,400,33.420000,30.899400,38.950714,2.194205,756.180000,30.899400,38.950714,2.194205,ok,MA20>MA60|MA60>MA120|close>MA20|trend_persistence|rs20=28.97|rs60=39.79|up_volume_confirm|volume_not_exhausted|pullback_volume_control|mid_atr|trend_ma20_gt_ma60|price_recovered|volume_confirmed|rsi_entry_zone
cand_bb7b342f9082c168,2026-02-25,002297,博云新材,制造业,BULL,1,1,1,1,1,mapped,1,1,1,1,87.000000,0.952679,87.952679,35.000000,20.000000,20.000000,12.000000,85.877983,60.000000,1,2,1,ok,intent_52d8a1edb4d822fe,pend_f8d2605cac5f106e,600,600,13.630000,12.945800,15.470714,2.690316,752.620000,12.945800,15.470714,2.690316,ok,MA20>MA60|MA60>MA120|close>MA20|rs20=13.89|rs60=51.42|up_volume_confirm|volume_not_exhausted|pullback_volume_control|mid_atr|trend_ma20_gt_ma60|price_recovered|volume_confirmed|rsi_entry_zone
cand_b81067ed34d167bd,2026-02-25,000875,电投绿能,电力、热力、燃气及水生产和供应业,BULL,1,1,1,1,1,mapped,1,1,1,1,87.000000,0.362326,87.362326,35.000000,20.000000,20.000000,12.000000,76.038775,60.000000,1,6,1,ok,intent_d015c296bf6a19b0,pend_7c81f3ee63cb101f,2100,2100,7.510000,7.144200,8.577143,2.917285,695.020000,7.144200,8.577143,2.917285,ok,MA20>MA60|MA60>MA120|close>MA20|rs20=13.26|rs60=30.21|up_volume_confirm|volume_not_exhausted|pullback_volume_control|mid_atr|trend_ma20_gt_ma60|price_recovered|volume_confirmed|rsi_entry_zone
cand_b6cf0a9327b857a3,2026-03-05,000591,太阳能,电力、热力、燃气及水生产和供应业,BULL,1,1,1,1,1,mapped,1,1,1,1,85.000000,1.352000,86.352000,35.000000,20.000000,10.000000,20.000000,92.533333,60.000000,1,1,1,ok,intent_29f38259d5413d51,pend_d1934310ba66712f,2600,2600,6.070000,5.811400,6.792143,2.792509,620.640000,5.811400,6.792143,2.792509,ok,MA20>MA60|MA60>MA120|close>MA20|rs20=9.50|rs60=33.03|up_volume_confirm|trend_ma20_gt_ma60|price_recovered|volume_confirmed|rsi_entry_zone
cand_4a4608029807c99a,2026-03-05,600863,华能蒙电,电力、热力、燃气及水生产和供应业,BULL,1,1,1,1,1,mapped,1,1,1,1,85.000000,1.352000,86.352000,35.000000,20.000000,10.000000,20.000000,92.533333,60.000000,1,2,1,ok,intent_c449725ec7b6c04f,pend_457f2f901cdcfb57,900,900,5.290000,5.115600,5.733571,2.543414,488.320000,5.115600,5.733571,2.543414,ok,MA20>MA60|MA60>MA120|close>MA20|rs20=11.24|rs60=12.45|volume_not_exhausted|pullback_volume_control|trend_ma20_gt_ma60|price_recovered|volume_confirmed|rsi_entry_zone
cand_90f6178a6e25c342,2026-03-05,300215,电科院,科学研究和技术服务业,BULL,1,1,1,1,1,fallback,1,1,1,1,80.000000,0.000000,80.000000,40.000000,20.000000,15.000000,5.000000,0.000000,60.000000,1,3,1,ok,intent_36882b51fad25ed0,pend_5b67e011f2df96cf,1300,1300,10.720000,9.927400,12.822143,2.652212,951.120000,9.927400,12.822143,2.652212,ok,MA20>MA60|MA60>MA120|close>MA20|trend_persistence|rs20=28.35|rs60=33.63|up_volume_confirm|volume_not_exhausted|high_atr|trend_ma20_gt_ma60|price_recovered|volume_confirmed|rsi_entry_zone
cand_56f0c153daf8fbe3,2026-03-05,002270,华明装备,制造业,BULL,1,1,1,1,1,mapped,1,1,1,1,77.000000,0.105197,77.105197,35.000000,20.000000,10.000000,12.000000,71.753280,60.000000,1,4,1,ok,intent_1cec853bb2ae1d6c,pend_7fae5d79bbf00af9,400,400,36.300000,34.594000,42.257143,3.491877,682.400000,34.594000,42.257143,3.491877,ok,MA20>MA60|MA60>MA120|close>MA20|rs20=20.31|rs60=46.43|volume_not_exhausted|pullback_volume_control|mid_atr|trend_ma20_gt_ma60|price_recovered|volume_confirmed|rsi_entry_zone
cand_48f006dfe8be48ee,2026-03-11,002056,横店东磁,制造业,BULL,1,1,1,1,1,mapped,1,1,1,1,95.000000,0.338855,95.338855,35.000000,20.000000,20.000000,20.000000,75.647587,60.000000,1,1,1,ok,intent_35c9fe714f184810,pend_3ad59f4222136584,300,300,22.830000,21.912800,25.442143,2.847953,550.320000,21.912800,25.442143,2.847953,ok,MA20>MA60|MA60>MA120|close>MA20|rs20=13.03|rs60=16.17|up_volume_confirm|volume_not_exhausted|pullback_volume_control|trend_ma20_gt_ma60|price_recovered|volume_confirmed|rsi_entry_zone
cand_f3ea3de5a3e613b8,2026-03-12,600666,奥瑞德,制造业,BULL,1,1,1,1,1,mapped,1,1,1,1,92.000000,0.126735,92.126735,40.000000,20.000000,20.000000,12.000000,72.112257,60.000000,1,1,1,ok,intent_908e521d4a40c792,pend_0b9af60a10bb0efa,1800,1800,4.410000,4.155200,5.035714,2.455708,866.320000,4.155200,5.035714,2.455708,ok,MA20>MA60|MA60>MA120|close>MA20|trend_persistence|rs20=25.88|rs60=28.28|up_volume_confirm|volume_not_exhausted|pullback_volume_control|mid_atr|trend_ma20_gt_ma60|price_recovered|volume_confirmed|rsi_entry_zone
cand_f229a9662f6ae995,2026-03-16,300279,和晶科技,制造业,BULL,1,1,1,1,1,mapped,1,1,1,1,87.000000,0.210543,87.210543,40.000000,20.000000,15.000000,12.000000,73.509047,60.000000,1,1,1,ok,intent_e7381b48fe1e6dec,pend_2e7c8568d6ce5fc0,1100,1100,11.220000,10.319400,13.208571,2.208052,990.660000,10.319400,13.208571,2.208052,ok,MA20>MA60|MA60>MA120|close>MA20|trend_persistence|rs20=25.32|rs60=56.07|up_volume_confirm|volume_not_exhausted|mid_atr|trend_ma20_gt_ma60|price_recovered|volume_confirmed|rsi_entry_zone
cand_acb8afc3598dc537,2026-03-17,600667,太极实业,建筑业,NORMAL,1,1,1,1,1,fallback,1,1,1,1,70.000000,0.000000,70.000000,35.000000,20.000000,10.000000,5.000000,0.000000,60.000000,1,1,1,ok,intent_01c119f3b122e6d7,pend_45ba559da677d35b,1300,1300,11.590000,10.995600,13.687857,3.529369,713.280000,10.995600,13.687857,3.529369,ok,MA20>MA60|MA60>MA120|close>MA20|rs20=19.04|rs60=49.43|up_volume_confirm|high_atr|trend_ma20_gt_ma60|price_recovered|volume_confirmed|rsi_entry_zone
cand_02a6bbb73130273d,2026-03-19,603803,瑞斯康达,制造业,NORMAL,1,1,1,1,1,mapped,1,1,1,1,75.000000,0.000000,75.000000,35.000000,20.000000,20.000000,0.000000,53.925437,60.000000,1,1,1,ok,intent_7b4148adfeb8ec4f,pend_af21ff9d1ee84972,900,900,13.900000,12.789000,16.711429,2.530539,999.900000,12.789000,16.711429,2.530539,ok,MA20>MA60|MA60>MA120|close>MA20|rs20=37.07|rs60=19.04|up_volume_confirm|volume_not_exhausted|pullback_volume_control|high_atr|extended_from_ma20|trend_ma20_gt_ma60|price_recovered|volume_confirmed|rsi_entry_zone
cand_1baa10b65075d8dd,2026-03-19,601991,大唐发电,电力、热力、燃气及水生产和供应业,NORMAL,1,1,1,1,1,mapped,1,1,1,1,72.000000,0.601351,72.601351,35.000000,20.000000,5.000000,12.000000,80.022523,70.000000,1,2,1,ok,intent_2a4f60223a561fec,pend_ca3872de27a31753,3600,3600,4.180000,4.057200,4.440000,2.117264,429.800000,4.057200,4.440000,2.117264,ok,MA20>MA60|MA60>MA120|close>MA20|rs20=15.14|rs60=16.40|pullback_volume_control|mid_atr|trend_ma20_gt_ma60|near_ma20|pullback_reclaimed_ma20|rsi_entry_zone
cand_652506f880cb9e61,2026-03-20,601225,陕西煤业,采矿业,NORMAL,1,1,1,1,1,mapped,1,1,1,1,100.000000,0.000000,100.000000,40.000000,20.000000,20.000000,20.000000,60.681195,60.000000,1,1,1,ok,intent_b14a3f5284063e18,pend_093d9cf2c1e4676c,400,400,27.160000,25.676000,30.410714,2.190508,742.000000,25.676000,30.410714,2.190508,ok,MA20>MA60|MA60>MA120|close>MA20|trend_persistence|rs20=19.40|rs60=24.08|up_volume_confirm|volume_not_exhausted|pullback_volume_control|trend_ma20_gt_ma60|price_recovered|volume_confirmed|rsi_entry_zone
cand_e78444eaabf3e66f,2026-03-25,300231,银信科技,信息传输、软件和信息技术服务业,NORMAL,1,1,1,1,1,mapped,1,1,1,1,87.000000,0.000000,87.000000,35.000000,20.000000,20.000000,12.000000,51.616842,60.000000,1,1,1,ok,intent_17635da8d4bee5d3,pend_01ac904b8d85fdc4,1100,1100,12.850000,12.073600,14.414286,2.014794,854.040000,12.073600,14.414286,2.014794,ok,MA20>MA60|MA60>MA120|close>MA20|rs20=15.16|rs60=25.55|up_volume_confirm|volume_not_exhausted|pullback_volume_control|mid_atr|trend_ma20_gt_ma60|price_recovered|volume_confirmed|rsi_entry_zone
cand_e90bbb40deb4c576,2026-03-25,002980,华盛昌,制造业,NORMAL,1,1,1,1,1,mapped,1,1,1,1,75.000000,0.000000,75.000000,40.000000,20.000000,10.000000,5.000000,57.666102,60.000000,1,2,1,ok,intent_5c8f13edcad31df8,pend_5d2014c5a32e6d0c,300,300,40.510000,37.886800,49.132857,3.287152,786.960000,37.886800,49.132857,3.287152,ok,MA20>MA60|MA60>MA120|close>MA20|trend_persistence|rs20=65.46|rs60=95.15|volume_not_exhausted|pullback_volume_control|high_atr|trend_ma20_gt_ma60|price_recovered|volume_confirmed|rsi_entry_zone
cand_b41f1033773f66aa,2026-03-25,000509,华塑控股,制造业,NORMAL,1,1,1,1,1,mapped,1,1,1,1,70.000000,0.000000,70.000000,40.000000,20.000000,10.000000,0.000000,57.666102,60.000000,1,3,1,ok,intent_202de8b27d42fc35,pend_ee603780f787d7cf,3200,3200,4.590000,4.321800,5.498571,3.387664,858.240000,4.321800,5.498571,3.387664,ok,MA20>MA60|MA60>MA120|close>MA20|trend_persistence|rs20=34.96|rs60=33.33|up_volume_confirm|high_atr|extended_from_ma20|trend_ma20_gt_ma60|price_recovered|volume_confirmed|rsi_entry_zone
cand_026b4bb3716791e3,2026-03-27,603977,国泰集团,制造业,NORMAL,1,1,1,1,1,mapped,1,1,1,1,82.000000,0.000000,82.000000,35.000000,20.000000,15.000000,12.000000,54.886071,60.000000,1,1,1,ok,intent_688b6eecb9c43b0f,pend_0ad4ee801bbaeded,600,600,17.000000,15.758400,19.880000,2.319588,993.280000,15.758400,19.880000,2.319588,ok,MA20>MA60|MA60>MA120|close>MA20|rs20=14.52|rs60=19.08|up_volume_confirm|volume_not_exhausted|mid_atr|trend_ma20_gt_ma60|price_recovered|volume_confirmed|rsi_entry_zone
cand_ca18d018a3df3402,2026-03-27,000968,蓝焰控股,采矿业,NORMAL,1,1,1,1,1,mapped,1,1,1,1,75.000000,0.000000,75.000000,35.000000,20.000000,20.000000,0.000000,62.607555,60.000000,1,3,1,ok,intent_756c8a42554a9f4b,pend_8e9abe43f95fe644,100,100,11.570000,10.789800,13.925000,3.018457,936.240000,10.789800,13.925000,3.018457,ok,MA20>MA60|MA60>MA120|close>MA20|rs20=38.95|rs60=77.33|up_volume_confirm|volume_not_exhausted|pullback_volume_control|high_atr|extended_from_ma20|trend_ma20_gt_ma60|price_recovered|volume_confirmed|rsi_entry_zone
cand_3cd61b91ebd2a62d,2026-03-30,603738,泰晶科技,制造业,NORMAL,1,1,1,1,1,mapped,1,1,1,1,80.000000,0.000000,80.000000,35.000000,20.000000,20.000000,5.000000,56.181332,60.000000,1,1,1,ok,intent_8f032b6935293db4,pend_0b270af3f87515af,500,500,26.850000,25.097800,32.631429,3.299525,876.100000,25.097800,32.631429,3.299525,ok,MA20>MA60|MA60>MA120|close>MA20|rs20=17.07|rs60=75.40|up_volume_confirm|volume_not_exhausted|pullback_volume_control|high_atr|trend_ma20_gt_ma60|price_recovered|volume_confirmed|rsi_entry_zone
cand_c7eaafbda6ff80a0,2026-03-30,603876,鼎胜新材,制造业,NORMAL,1,1,1,1,1,mapped,1,1,1,1,80.000000,0.000000,80.000000,35.000000,20.000000,20.000000,5.000000,56.181332,60.000000,1,2,1,ok,intent_7644270830d6dba5,pend_fcbf1959c22503e0,100,100,23.280000,21.756000,27.730714,2.920416,914.400000,21.756000,27.730714,2.920416,ok,MA20>MA60|MA60>MA120|close>MA20|rs20=21.64|rs60=72.13|up_volume_confirm|volume_not_exhausted|pullback_volume_control|high_atr|trend_ma20_gt_ma60|price_recovered|volume_confirmed|rsi_entry_zone
cand_39bf731eeb7dcbe0,2026-04-02,301312,智立方,制造业,NORMAL,1,1,1,1,1,mapped,1,1,1,1,75.000000,0.000000,75.000000,35.000000,20.000000,20.000000,0.000000,53.479692,60.000000,1,1,1,ok,intent_ec9c3ddbb9032ad4,pend_b7f62430a22b14a8,100,100,103.310000,97.666800,127.689286,4.320117,564.320000,97.666800,127.689286,4.320117,ok,MA20>MA60|MA60>MA120|close>MA20|rs20=21.86|rs60=110.08|up_volume_confirm|volume_not_exhausted|pullback_volume_control|high_atr|extended_from_ma20|trend_ma20_gt_ma60|price_recovered|volume_confirmed|rsi_entry_zone
cand_1945fc7e9ee56ea5,2026-04-02,002840,华统股份,制造业,NORMAL,1,1,1,1,1,mapped,1,1,1,1,72.000000,0.000000,72.000000,25.000000,20.000000,15.000000,12.000000,53.479692,60.000000,1,2,1,ok,intent_5c17cef10d43f13f,pend_89ff58222cc30141,200,200,11.540000,10.887800,13.290714,2.684321,782.640000,10.887800,13.290714,2.684321,ok,MA20>MA60|close>MA20|rs20=24.60|rs60=23.17|up_volume_confirm|volume_not_exhausted|mid_atr|trend_ma20_gt_ma60|price_recovered|volume_confirmed|rsi_entry_zone
cand_80c6db01f912345d,2026-04-08,300531,优博讯,制造业,NORMAL,1,1,1,1,1,mapped,1,1,1,1,87.000000,0.000000,87.000000,40.000000,20.000000,15.000000,12.000000,67.910273,60.000000,1,1,1,ok,intent_51e343af313ed9b6,pend_b8ec9e716db54463,700,700,20.840000,19.511800,24.187143,2.520059,929.740000,19.511800,24.187143,2.520059,ok,MA20>MA60|MA60>MA120|close>MA20|trend_persistence|rs20=26.56|rs60=18.11|up_volume_confirm|volume_not_exhausted|mid_atr|trend_ma20_gt_ma60|price_recovered|volume_confirmed|rsi_entry_zone
cand_3ae80a28564b45de,2026-04-08,600602,云赛智联,信息传输、软件和信息技术服务业,NORMAL,1,1,1,1,1,mapped,1,1,1,1,87.000000,0.000000,87.000000,35.000000,20.000000,20.000000,12.000000,63.255015,60.000000,1,2,1,ok,intent_38f0caf5f5f36a0d,pend_840c4eeede1fe4db,600,600,25.050000,23.941400,29.217857,3.759568,554.300000,23.941400,29.217857,3.759568,ok,MA20>MA60|MA60>MA120|close>MA20|rs20=8.79|rs60=35.76|up_volume_confirm|volume_not_exhausted|pullback_volume_control|mid_atr|trend_ma20_gt_ma60|price_recovered|volume_confirmed|rsi_entry_zone
cand_7d864c0fcbf662ac,2026-04-08,603118,共进股份,制造业,NORMAL,1,1,1,1,1,mapped,1,1,1,1,87.000000,0.000000,87.000000,35.000000,20.000000,20.000000,12.000000,67.910273,60.000000,1,3,1,ok,intent_70120d647bfc5f7c,pend_11b7b1b01ea86036,200,200,13.960000,13.279000,15.935714,2.901196,681.000000,13.279000,15.935714,2.901196,ok,MA20>MA60|MA60>MA120|close>MA20|rs20=12.49|rs60=21.70|up_volume_confirm|volume_not_exhausted|pullback_volume_control|mid_atr|trend_ma20_gt_ma60|price_recovered|volume_confirmed|rsi_entry_zone
cand_b646ddef6a012dad,2026-04-13,603876,鼎胜新材,制造业,NORMAL,1,1,1,1,1,mapped,1,1,1,1,92.000000,0.412549,92.412549,40.000000,20.000000,20.000000,12.000000,76.875819,60.000000,1,1,1,ok,intent_33564f6392d0a728,pend_132099afb9571f19,400,400,24.400000,22.863400,28.655714,2.769565,921.960000,22.863400,28.655714,2.769565,ok,MA20>MA60|MA60>MA120|close>MA20|trend_persistence|rs20=17.35|rs60=51.81|up_volume_confirm|volume_not_exhausted|pullback_volume_control|mid_atr|trend_ma20_gt_ma60|price_recovered|volume_confirmed|rsi_entry_zone
cand_1fbc42cac20a6cfa,2026-04-14,603158,腾龙股份,制造业,NORMAL,1,1,1,1,1,mapped,1,1,1,1,87.000000,0.747896,87.747896,35.000000,20.000000,20.000000,12.000000,82.464932,60.000000,1,1,1,ok,intent_4c30cccd3ad6512b,pend_a5c9f7874b9fb1f1,1000,1000,13.460000,12.475400,15.707857,2.283016,984.600000,12.475400,15.707857,2.283016,ok,MA20>MA60|MA60>MA120|close>MA20|rs20=7.82|rs60=28.67|up_volume_confirm|volume_not_exhausted|pullback_volume_control|mid_atr|trend_ma20_gt_ma60|price_recovered|volume_confirmed|rsi_entry_zone
cand_def9b3d307c35e5e,2026-04-14,002638,勤上股份,制造业,NORMAL,1,1,1,1,1,mapped,1,1,1,1,77.000000,0.747896,77.747896,35.000000,20.000000,10.000000,12.000000,82.464932,60.000000,1,2,1,ok,intent_9c86a3ea3b6319f6,pend_38d8e7da9bcae815,1100,1100,4.710000,4.439400,5.485714,2.866646,838.860000,4.439400,5.485714,2.866646,ok,MA20>MA60|MA60>MA120|close>MA20|rs20=16.24|rs60=55.13|up_volume_confirm|mid_atr|trend_ma20_gt_ma60|price_recovered|volume_confirmed|rsi_entry_zone
cand_78b5ca38edf44b79,2026-04-15,300201,海伦哲,制造业,NORMAL,1,1,1,1,1,mapped,1,1,1,1,82.000000,0.753002,82.753002,35.000000,20.000000,15.000000,12.000000,82.550039,60.000000,1,1,1,ok,intent_d311a5b5ec901ea9,pend_d8074241e7aa25d9,300,300,12.220000,11.417000,13.994286,2.209571,963.600000,11.417000,13.994286,2.209571,ok,MA20>MA60|MA60>MA120|close>MA20|rs20=7.59|rs60=61.72|up_volume_confirm|volume_not_exhausted|mid_atr|trend_ma20_gt_ma60|price_recovered|volume_confirmed|rsi_entry_zone
cand_8736c81dc8b1fce6,2026-04-16,300184,力源信息,批发和零售业,NORMAL,1,1,1,1,1,mapped,1,1,1,1,87.000000,0.255819,87.255819,35.000000,20.000000,20.000000,12.000000,74.263644,80.000000,1,1,1,ok,intent_27ecd4d819fb11f7,pend_9e8d857952176d46,1200,1200,11.930000,11.221000,13.543571,2.275841,850.800000,11.221000,13.543571,2.275841,ok,MA20>MA60|MA60>MA120|close>MA20|rs20=0.81|rs60=13.92|up_volume_confirm|volume_not_exhausted|pullback_volume_control|mid_atr|trend_ma20_gt_ma60|pullback_reclaimed_ma20|price_recovered|volume_confirmed|rsi_entry_zone
cand_22bb1c2861c6a33a,2026-04-20,002246,北化股份,制造业,BULL,1,1,1,1,1,mapped,1,1,1,1,82.000000,1.288942,83.288942,35.000000,20.000000,15.000000,12.000000,91.482364,60.000000,1,1,1,ok,intent_63e50bcd211c7fd5,pend_b7a94b56e1bb370f,300,300,27.050000,25.685800,31.029286,2.916937,682.100000,25.685800,31.029286,2.916937,ok,MA20>MA60|MA60>MA120|close>MA20|rs20=7.10|rs60=35.53|up_volume_confirm|volume_not_exhausted|mid_atr|trend_ma20_gt_ma60|price_recovered|volume_confirmed|rsi_entry_zone
cand_82134d364b3a8b38,2026-04-23,300054,鼎龙股份,制造业,BULL,1,1,1,1,1,mapped,1,1,1,1,87.000000,0.935680,87.935680,40.000000,20.000000,15.000000,12.000000,85.594672,60.000000,1,1,1,ok,intent_3fbf510a05016e15,pend_5b504930cf86d3ee,200,200,55.950000,52.557400,63.250714,2.151953,678.520000,52.557400,63.250714,2.151953,ok,MA20>MA60|MA60>MA120|close>MA20|trend_persistence|rs20=14.58|rs60=17.64|up_volume_confirm|volume_not_exhausted|mid_atr|trend_ma20_gt_ma60|price_recovered|volume_confirmed|rsi_entry_zone
cand_42b6f2ae247e208c,2026-04-23,003036,泰坦股份,制造业,BULL,1,1,1,1,1,mapped,1,1,1,1,80.000000,0.935680,80.935680,35.000000,20.000000,20.000000,5.000000,85.594672,60.000000,1,2,1,ok,intent_83d8244959b0c87b,pend_008f8bb31fae1048,300,300,30.540000,27.832000,36.231429,2.101709,812.400000,27.832000,36.231429,2.101709,ok,MA20>MA60|MA60>MA120|close>MA20|rs20=25.76|rs60=84.11|up_volume_confirm|volume_not_exhausted|pullback_volume_control|high_atr|trend_ma20_gt_ma60|price_recovered|volume_confirmed|rsi_entry_zone
cand_5b747a3b486db20d,2026-04-27,002709,天赐材料,制造业,BULL,1,1,1,1,1,mapped,1,1,1,1,87.000000,1.039065,88.039065,35.000000,20.000000,20.000000,12.000000,87.317757,60.000000,1,1,1,ok,intent_77bd4db3fc4f8146,pend_1721a060af062909,200,200,55.260000,51.205000,63.857143,2.120134,811.000000,51.205000,63.857143,2.120134,ok,MA20>MA60|MA60>MA120|close>MA20|rs20=13.88|rs60=25.77|up_volume_confirm|volume_not_exhausted|pullback_volume_control|mid_atr|trend_ma20_gt_ma60|price_recovered|volume_confirmed|rsi_entry_zone
cand_6f6cc980b8b9ab59,2026-04-27,301358,湖南裕能,制造业,BULL,1,1,1,1,1,mapped,1,1,1,1,87.000000,1.039065,88.039065,35.000000,20.000000,20.000000,12.000000,87.317757,60.000000,1,2,1,ok,intent_65aff3b2ec3f18af,pend_922463cbfbaa4046,100,100,89.870000,85.015000,103.029286,2.710460,485.500000,85.015000,103.029286,2.710460,ok,MA20>MA60|MA60>MA120|close>MA20|rs20=6.66|rs60=34.00|up_volume_confirm|volume_not_exhausted|pullback_volume_control|mid_atr|trend_ma20_gt_ma60|price_recovered|volume_confirmed|rsi_entry_zone
cand_1348a25ee431b2a7,2026-04-27,603520,司太立,制造业,BULL,1,1,1,1,1,mapped,1,1,1,1,85.000000,1.039065,86.039065,35.000000,20.000000,10.000000,20.000000,87.317757,60.000000,1,3,1,ok,intent_a5a0b0f3a89b888b,pend_d65972ca7cd9e1a9,1300,1300,11.750000,11.417000,13.044286,3.886744,399.600000,11.417000,13.044286,3.886744,ok,MA20>MA60|MA60>MA120|close>MA20|rs20=1.84|rs60=8.00|up_volume_confirm|trend_ma20_gt_ma60|price_recovered|volume_confirmed|rsi_entry_zone
cand_01aa65d4968ba638,2026-04-27,600546,山煤国际,采矿业,BULL,1,1,1,1,1,mapped,1,1,1,1,85.000000,0.000000,85.000000,35.000000,20.000000,10.000000,20.000000,67.256887,60.000000,1,4,1,ok,intent_48d0df8cb8b9a9cc,pend_3082b29a0e7bc998,1200,1200,12.890000,12.318600,14.147857,2.201360,628.540000,12.318600,14.147857,2.201360,ok,MA20>MA60|MA60>MA120|close>MA20|rs20=3.09|rs60=18.35|volume_not_exhausted|pullback_volume_control|trend_ma20_gt_ma60|price_recovered|volume_confirmed|rsi_entry_zone
cand_541b139be71e9b35,2026-04-30,300432,富临精工,制造业,BULL,1,1,1,1,1,mapped,1,1,1,1,92.000000,0.892623,92.892623,40.000000,20.000000,20.000000,12.000000,84.877049,60.000000,1,1,1,ok,intent_25db74a26e29c2be,pend_ca7572257ee87da7,500,500,28.120000,27.126400,32.519286,4.427622,496.800000,27.126400,32.519286,4.427622,ok,MA20>MA60|MA60>MA120|close>MA20|trend_persistence|rs20=16.10|rs60=52.01|up_volume_confirm|volume_not_exhausted|pullback_volume_control|mid_atr|trend_ma20_gt_ma60|price_recovered|volume_confirmed|rsi_entry_zone
cand_abb4c4e2aacc92e1,2026-04-30,600527,江南高纤,制造业,BULL,1,1,1,1,1,mapped,1,1,1,1,92.000000,0.892623,92.892623,40.000000,20.000000,20.000000,12.000000,84.877049,60.000000,1,2,1,ok,intent_fb3e5a906963bf6e,pend_b455af3d2fd7d3dd,2400,2400,2.950000,2.793000,3.449286,3.180164,785.000000,2.793000,3.449286,3.180164,ok,MA20>MA60|MA60>MA120|close>MA20|trend_persistence|rs20=9.93|rs60=27.23|up_volume_confirm|volume_not_exhausted|pullback_volume_control|mid_atr|trend_ma20_gt_ma60|price_recovered|volume_confirmed|rsi_entry_zone
cand_e451e90a20762376,2026-05-07,300166,东方国信,信息传输、软件和信息技术服务业,BULL,1,1,1,1,1,mapped,1,1,1,1,70.000000,1.265541,71.265541,35.000000,20.000000,15.000000,0.000000,91.092342,60.000000,1,6,1,ok,intent_959c843db4c33187,pend_c150658e5f6a0e65,800,800,19.030000,18.032000,23.050000,4.028056,698.600000,18.032000,23.050000,4.028056,ok,MA20>MA60|MA60>MA120|close>MA20|rs20=17.37|rs60=67.74|up_volume_confirm|volume_not_exhausted|high_atr|extended_from_ma20|trend_ma20_gt_ma60|price_recovered|volume_confirmed|rsi_entry_zone
cand_4a77be4555dbc5ec,2026-05-11,002831,裕同科技,制造业,BULL,1,1,1,1,1,mapped,1,1,1,1,87.000000,1.285823,88.285823,35.000000,20.000000,20.000000,12.000000,91.430390,60.000000,1,1,1,ok,intent_e5a5bad7067acbf7,pend_041efbc74918d742,300,300,41.120000,39.092200,46.320000,2.564355,608.340000,39.092200,46.320000,2.564355,ok,MA20>MA60|MA60>MA120|close>MA20|rs20=3.14|rs60=42.84|up_volume_confirm|volume_not_exhausted|pullback_volume_control|mid_atr|trend_ma20_gt_ma60|price_recovered|volume_confirmed|rsi_entry_zone
cand_45b2c7b7c30cb37d,2026-05-12,003816,中国广核,电力、热力、燃气及水生产和供应业,BULL,1,1,1,1,1,mapped,1,1,1,1,85.000000,1.213846,86.213846,35.000000,10.000000,20.000000,20.000000,90.230769,60.000000,1,1,1,ok,intent_d287a003de266233,pend_f97b78d89254b87c,3300,3300,4.770000,4.635400,5.145000,2.786033,417.260000,4.635400,5.145000,2.786033,ok,MA20>MA60|MA60>MA120|close>MA20|rs60=18.04|up_volume_confirm|volume_not_exhausted|pullback_volume_control|trend_ma20_gt_ma60|price_recovered|volume_confirmed|rsi_entry_zone
cand_b4556f9aad4c508b,2026-05-13,688690,纳微科技,制造业,BULL,1,1,1,1,1,fallback,1,1,1,1,87.000000,0.000000,87.000000,35.000000,20.000000,20.000000,12.000000,0.000000,70.000000,1,1,1,ok,intent_7304e947200fc34c,pend_ae015b71f5370a77,400,400,35.220000,33.045600,39.722143,2.070522,869.760000,33.045600,39.722143,2.070522,ok,MA20>MA60|MA60>MA120|close>MA20|rs20=3.87|rs60=15.87|up_volume_confirm|volume_not_exhausted|pullback_volume_control|mid_atr|trend_ma20_gt_ma60|pullback_reclaimed_ma20|price_recovered|volume_confirmed
cand_e5ba0eb0cdba0270,2026-05-13,603912,佳力图,制造业,BULL,1,1,1,1,1,fallback,1,1,1,1,87.000000,0.000000,87.000000,35.000000,20.000000,20.000000,12.000000,0.000000,60.000000,1,2,1,ok,intent_bf0eef37df9c3017,pend_de737f24cae97c76,1300,1300,11.910000,11.132800,13.911429,2.575178,932.640000,11.132800,13.911429,2.575178,ok,MA20>MA60|MA60>MA120|close>MA20|rs20=10.70|rs60=27.29|up_volume_confirm|volume_not_exhausted|pullback_volume_control|mid_atr|trend_ma20_gt_ma60|price_recovered|volume_confirmed|rsi_entry_zone
cand_d3ae0c79f2fda17a,2026-05-19,000006,深振业A,房地产业,BULL,1,1,1,1,1,fallback,1,1,1,1,77.000000,0.000000,77.000000,25.000000,20.000000,20.000000,12.000000,0.000000,60.000000,1,1,1,ok,intent_bf197cfe555339de,pend_71856316b80ddc55,1400,1400,11.140000,10.446800,12.745000,2.315349,901.160000,10.446800,12.745000,2.315349,ok,MA20>MA60|close>MA20|rs20=16.06|rs60=17.71|up_volume_confirm|volume_not_exhausted|pullback_volume_control|mid_atr|trend_ma20_gt_ma60|price_recovered|volume_confirmed|rsi_entry_zone
cand_cff57e7a63989e74,2026-05-19,300166,东方国信,信息传输、软件和信息技术服务业,BULL,1,1,1,1,1,mapped,1,1,1,1,75.000000,1.277193,76.277193,35.000000,20.000000,20.000000,0.000000,91.286550,60.000000,1,2,1,ok,intent_0736492416db2753,pend_510dee38b1692e32,400,400,21.440000,19.266800,26.184286,2.183087,869.280000,19.266800,26.184286,2.183087,ok,MA20>MA60|MA60>MA120|close>MA20|rs20=24.41|rs60=64.39|up_volume_confirm|volume_not_exhausted|pullback_volume_control|high_atr|extended_from_ma20|trend_ma20_gt_ma60|price_recovered|volume_confirmed|rsi_entry_zone
cand_9137e34e0acba842,2026-05-19,688191,智洋创新,信息传输、软件和信息技术服务业,BULL,1,1,1,1,1,mapped,1,1,1,1,75.000000,1.277193,76.277193,35.000000,20.000000,20.000000,0.000000,91.286550,60.000000,1,3,1,ok,intent_d5ead26f74b696f7,pend_ccb3e6b3bca01ff9,200,200,57.200000,53.410000,68.872143,3.079721,758.000000,53.410000,68.872143,3.079721,ok,MA20>MA60|MA60>MA120|close>MA20|rs20=38.29|rs60=38.90|up_volume_confirm|volume_not_exhausted|pullback_volume_control|high_atr|extended_from_ma20|trend_ma20_gt_ma60|price_recovered|volume_confirmed|rsi_entry_zone
cand_cf538031f3f8cacf,2026-05-25,300199,翰宇药业,制造业,BULL,1,1,1,1,1,fallback,1,1,1,1,87.000000,0.000000,87.000000,35.000000,20.000000,20.000000,12.000000,0.000000,60.000000,1,1,1,ok,intent_a73fb758937cb19d,pend_6ef36694f35a3efb,600,600,25.410000,24.362800,29.547857,3.951353,523.600000,24.362800,29.547857,3.951353,ok,MA20>MA60|MA60>MA120|close>MA20|rs20=10.04|rs60=34.92|up_volume_confirm|volume_not_exhausted|pullback_volume_control|mid_atr|trend_ma20_gt_ma60|price_recovered|volume_confirmed|rsi_entry_zone
cand_bfaedb874f9cf04b,2026-05-25,300221,银禧科技,制造业,BULL,1,1,1,1,1,fallback,1,1,1,1,87.000000,0.000000,87.000000,35.000000,20.000000,20.000000,12.000000,0.000000,60.000000,1,2,1,ok,intent_f7d5af6085081eac,pend_987bc0a69c6c04b8,1100,1100,13.420000,12.916400,15.449286,4.029559,553.960000,12.916400,15.449286,4.029559,ok,MA20>MA60|MA60>MA120|close>MA20|rs20=13.55|rs60=13.38|up_volume_confirm|volume_not_exhausted|pullback_volume_control|mid_atr|trend_ma20_gt_ma60|price_recovered|volume_confirmed|rsi_entry_zone
cand_24e30cd57f038898,2026-05-25,301458,钧崴电子,制造业,BULL,1,1,1,1,1,fallback,1,1,1,1,82.000000,0.000000,82.000000,35.000000,20.000000,15.000000,12.000000,0.000000,60.000000,1,3,1,ok,intent_89ad2fdcdce24517,pend_53e00146f237c013,200,200,47.530000,44.305800,54.468571,2.152029,967.260000,44.305800,54.468571,2.152029,ok,MA20>MA60|MA60>MA120|close>MA20|rs20=10.84|rs60=20.66|up_volume_confirm|volume_not_exhausted|mid_atr|trend_ma20_gt_ma60|price_recovered|volume_confirmed|rsi_entry_zone
cand_90136b5b3d08c189,2026-05-26,002815,崇达技术,制造业,BULL,1,1,1,1,1,fallback,1,1,1,1,82.000000,0.000000,82.000000,35.000000,20.000000,15.000000,12.000000,0.000000,60.000000,1,1,1,ok,intent_6841b4e661c3ad30,pend_46035d71c4b398f8,100,100,17.080000,16.268000,19.636429,3.148311,649.600000,16.268000,19.636429,3.148311,ok,MA20>MA60|MA60>MA120|close>MA20|rs20=7.18|rs60=3.22|up_volume_confirm|volume_not_exhausted|mid_atr|trend_ma20_gt_ma60|price_recovered|volume_confirmed|rsi_entry_zone
cand_921990cc36299bc0,2026-05-26,300536,农尚环境,建筑业,BULL,1,1,1,1,1,mapped,1,1,1,1,70.000000,0.000000,70.000000,40.000000,20.000000,5.000000,5.000000,54.790793,70.000000,1,2,1,ok,intent_bf12c744d45d6c87,pend_b1350356ca360d77,1200,1200,12.180000,11.789400,13.350000,2.995392,468.720000,11.789400,13.350000,2.995392,ok,MA20>MA60|MA60>MA120|close>MA20|trend_persistence|rs20=35.51|rs60=31.16|pullback_volume_control|high_atr|trend_ma20_gt_ma60|near_ma20|pullback_reclaimed_ma20|rsi_entry_zone
cand_260f7c6000b7d89d,2026-05-29,002636,金安国纪,制造业,NORMAL,1,1,1,1,1,fallback,1,1,1,1,80.000000,0.000000,80.000000,35.000000,20.000000,20.000000,5.000000,0.000000,60.000000,1,1,1,ok,intent_85dac521ee003639,pend_a48ae89edf92bdcc,200,200,53.510000,51.959600,63.939286,6.726835,310.080000,51.959600,63.939286,6.726835,ok,MA20>MA60|MA60>MA120|close>MA20|rs20=12.81|rs60=92.77|up_volume_confirm|volume_not_exhausted|pullback_volume_control|high_atr|trend_ma20_gt_ma60|price_recovered|volume_confirmed|rsi_entry_zone
cand_1e439c59315909ae,2026-05-29,601101,昊华能源,采矿业,NORMAL,1,1,1,1,1,mapped,1,1,1,1,77.000000,0.000000,77.000000,35.000000,20.000000,10.000000,12.000000,51.494353,60.000000,1,2,1,ok,intent_a29e07427e968186,pend_87e4695075b83717,1200,1200,12.060000,11.328800,14.040000,2.707877,877.440000,11.328800,14.040000,2.707877,ok,MA20>MA60|MA60>MA120|close>MA20|rs20=8.03|rs60=39.10|up_volume_confirm|mid_atr|trend_ma20_gt_ma60|price_recovered|volume_confirmed|rsi_entry_zone
cand_294006741540fcb1,2026-06-01,688478,晶升股份,制造业,NORMAL,1,1,1,1,1,fallback,1,1,1,1,70.000000,0.000000,70.000000,40.000000,20.000000,5.000000,5.000000,0.000000,70.000000,1,1,1,ok,intent_8c827927a522fc7e,pend_593f18e4fe7f32c8,100,100,62.560000,60.936400,67.700000,3.165804,324.720000,60.936400,67.700000,3.165804,ok,MA20>MA60|MA60>MA120|close>MA20|trend_persistence|rs20=49.36|rs60=71.05|pullback_volume_control|high_atr|trend_ma20_gt_ma60|near_ma20|pullback_reclaimed_ma20|rsi_entry_zone
cand_9b5cccc1a2a43dd5,2026-06-02,301228,实朴检测,科学研究和技术服务业,NORMAL,1,1,1,1,1,fallback,1,1,1,1,80.000000,0.000000,80.000000,35.000000,20.000000,20.000000,5.000000,0.000000,60.000000,1,1,1,ok,intent_ccdc8324b289f904,pend_453efb176635ca5f,200,200,73.200000,69.452600,88.607143,4.111422,749.480000,69.452600,88.607143,4.111422,ok,MA20>MA60|MA60>MA120|close>MA20|rs20=35.62|rs60=69.65|up_volume_confirm|volume_not_exhausted|pullback_volume_control|high_atr|trend_ma20_gt_ma60|price_recovered|volume_confirmed|rsi_entry_zone
cand_3b91f963177266c8,2026-06-02,301458,钧崴电子,制造业,NORMAL,1,1,1,1,1,fallback,1,1,1,1,75.000000,0.000000,75.000000,35.000000,20.000000,15.000000,5.000000,0.000000,60.000000,1,3,1,ok,intent_56fe20297b58cb67,pend_89ecb8c1b274f17a,100,100,50.100000,46.158000,59.451429,2.372255,788.400000,46.158000,59.451429,2.372255,ok,MA20>MA60|MA60>MA120|close>MA20|rs20=23.05|rs60=24.65|up_volume_confirm|volume_not_exhausted|high_atr|trend_ma20_gt_ma60|price_recovered|volume_confirmed|rsi_entry_zone
cand_53fb4d67833a28cd,2026-06-03,600483,福能股份,电力、热力、燃气及水生产和供应业,NORMAL,1,1,1,1,1,mapped,1,1,1,1,77.000000,1.156098,78.156098,35.000000,20.000000,10.000000,12.000000,89.268293,60.000000,1,1,1,ok,intent_f1ae9e25966a8705,pend_b46a8003de3a070b,700,700,11.680000,10.995600,13.120000,2.104033,821.280000,10.995600,13.120000,2.104033,ok,MA20>MA60|MA60>MA120|close>MA20|rs20=14.26|rs60=8.25|volume_not_exhausted|pullback_volume_control|mid_atr|trend_ma20_gt_ma60|price_recovered|volume_confirmed|rsi_entry_zone
cand_71b9bc42ce65c773,2026-06-08,600888,新疆众和,制造业,NORMAL,1,1,1,1,1,fallback,1,1,1,1,70.000000,0.000000,70.000000,40.000000,20.000000,5.000000,5.000000,0.000000,80.000000,1,2,1,ok,intent_dafa11f9a7f4d134,pend_dfce0f3918e50dc4,500,500,10.430000,10.045000,11.250000,2.129870,539.000000,10.045000,11.250000,2.129870,ok,MA20>MA60|MA60>MA120|close>MA20|trend_persistence|rs20=25.81|rs60=13.41|pullback_volume_control|high_atr|trend_ma20_gt_ma60|near_ma20|pullback_reclaimed_ma20|volume_confirmed|rsi_entry_zone
cand_08d7392e42ef8100,2026-06-09,300398,飞凯材料,制造业,NORMAL,1,1,1,1,1,fallback,1,1,1,1,80.000000,0.000000,80.000000,35.000000,20.000000,20.000000,5.000000,0.000000,60.000000,1,1,1,ok,intent_5b0f773dbc650ce8,pend_384450bd4eded0a4,200,200,44.340000,40.229000,54.400000,2.447093,822.200000,40.229000,54.400000,2.447093,ok,MA20>MA60|MA60>MA120|close>MA20|rs20=17.12|rs60=53.07|up_volume_confirm|volume_not_exhausted|pullback_volume_control|high_atr|trend_ma20_gt_ma60|price_recovered|volume_confirmed|rsi_entry_zone
cand_6418d510a6e449c0,2026-06-09,300400,劲拓股份,制造业,NORMAL,1,1,1,1,1,fallback,1,1,1,1,75.000000,0.000000,75.000000,35.000000,20.000000,15.000000,5.000000,0.000000,60.000000,1,2,1,ok,intent_3650c7e117c910c3,pend_9b120febe0801213,300,300,35.200000,32.536000,43.010000,2.931682,799.200000,32.536000,43.010000,2.931682,ok,MA20>MA60|MA60>MA120|close>MA20|rs20=15.42|rs60=53.61|up_volume_confirm|volume_not_exhausted|high_atr|trend_ma20_gt_ma60|price_recovered|volume_confirmed|rsi_entry_zone
cand_7eddcbb2834f5a28,2026-06-15,600906,财达证券,金融业,NORMAL,1,1,1,1,1,mapped,1,1,1,1,72.000000,0.435419,72.435419,30.000000,20.000000,10.000000,12.000000,77.256978,60.000000,1,1,1,ok,intent_924b15a345dd9268,pend_f1ec5ea75f852fa7,2100,2100,7.330000,7.007000,8.430000,3.405573,646.000000,7.007000,8.430000,3.405573,ok,MA20>MA60|close>MA20|trend_persistence|rs20=14.59|rs60=3.27|up_volume_confirm|mid_atr|trend_ma20_gt_ma60|price_recovered|volume_confirmed|rsi_entry_zone
cand_f2effab23d9c0a95,2026-06-16,003022,联泓新科,制造业,NORMAL,1,1,1,1,1,fallback,1,1,1,1,80.000000,0.000000,80.000000,35.000000,20.000000,20.000000,5.000000,0.000000,60.000000,1,1,1,ok,intent_9b1dee50ae6364d9,pend_a4cbe7fc40d9a826,400,400,28.280000,26.156200,33.902857,2.647546,849.520000,26.156200,33.902857,2.647546,ok,MA20>MA60|MA60>MA120|close>MA20|rs20=17.24|rs60=38.56|up_volume_confirm|volume_not_exhausted|pullback_volume_control|high_atr|trend_ma20_gt_ma60|price_recovered|volume_confirmed|rsi_entry_zone
cand_93d6536f8defd8e3,2026-06-16,300568,星源材质,制造业,NORMAL,1,1,1,1,1,fallback,1,1,1,1,80.000000,0.000000,80.000000,35.000000,20.000000,20.000000,5.000000,0.000000,60.000000,1,2,1,ok,intent_0375a880804b44f6,pend_66f9fc3855ca3b77,500,500,19.680000,17.836000,23.515714,2.080105,922.000000,17.836000,23.515714,2.080105,ok,MA20>MA60|MA60>MA120|close>MA20|rs20=16.64|rs60=29.58|up_volume_confirm|volume_not_exhausted|pullback_volume_control|high_atr|trend_ma20_gt_ma60|price_recovered|volume_confirmed|rsi_entry_zone
cand_6ee172f92de09486,2026-06-16,300679,电连技术,制造业,NORMAL,1,1,1,1,1,fallback,1,1,1,1,80.000000,0.000000,80.000000,35.000000,20.000000,20.000000,5.000000,0.000000,60.000000,1,3,1,ok,intent_2340cd7d68ec47e9,pend_b405dddd3b406008,200,200,63.890000,60.681600,76.980000,4.079915,641.680000,60.681600,76.980000,4.079915,ok,MA20>MA60|MA60>MA120|close>MA20|rs20=12.67|rs60=70.05|up_volume_confirm|volume_not_exhausted|pullback_volume_control|high_atr|trend_ma20_gt_ma60|price_recovered|volume_confirmed|rsi_entry_zone
cand_357a71a95eedfa7b,2026-06-16,002815,崇达技术,制造业,NORMAL,1,1,1,1,1,fallback,1,1,1,1,75.000000,0.000000,75.000000,35.000000,20.000000,15.000000,5.000000,0.000000,60.000000,1,4,1,ok,intent_088d86ef1ce0dd08,pend_2fdb116fc02a63b7,100,100,19.350000,18.473000,23.254286,4.451865,613.900000,18.473000,23.254286,4.451865,ok,MA20>MA60|MA60>MA120|close>MA20|rs20=22.45|rs60=15.41|up_volume_confirm|volume_not_exhausted|high_atr|trend_ma20_gt_ma60|price_recovered|volume_confirmed|rsi_entry_zone
cand_674e075cd0899aae,2026-06-22,300252,金信诺,制造业,NORMAL,1,1,1,1,1,fallback,1,1,1,1,80.000000,0.000000,80.000000,35.000000,20.000000,20.000000,5.000000,0.000000,60.000000,1,1,1,ok,intent_c9731a3bac70d03b,pend_db8052f5613404aa,200,200,18.690000,17.199000,22.367143,2.466226,894.600000,17.199000,22.367143,2.466226,ok,MA20>MA60|MA60>MA120|close>MA20|rs20=12.82|rs60=36.81|up_volume_confirm|volume_not_exhausted|pullback_volume_control|high_atr|trend_ma20_gt_ma60|price_recovered|volume_confirmed|rsi_entry_zone
cand_c8c6a1217c2bf1ef,2026-06-25,600246,万通发展,房地产业,NORMAL,1,1,1,1,1,fallback,1,1,1,1,80.000000,0.000000,80.000000,35.000000,20.000000,20.000000,5.000000,0.000000,60.000000,1,1,1,ok,intent_984e1c7f1d381241,pend_98e586f5dc8d723c,700,700,19.710000,18.247600,24.420000,3.220733,877.440000,18.247600,24.420000,3.220733,ok,MA20>MA60|MA60>MA120|close>MA20|rs20=26.71|rs60=86.37|up_volume_confirm|volume_not_exhausted|pullback_volume_control|high_atr|trend_ma20_gt_ma60|price_recovered|volume_confirmed|rsi_entry_zone
cand_db840d1fe5d612e8,2026-06-25,002536,飞龙股份,制造业,NORMAL,1,1,1,1,1,fallback,1,1,1,1,75.000000,0.000000,75.000000,35.000000,20.000000,20.000000,0.000000,0.000000,60.000000,1,2,1,ok,intent_b8cf23e68e3bee75,pend_6c56ec210f876a01,300,300,51.890000,50.136800,61.569286,5.520925,350.640000,50.136800,61.569286,5.520925,ok,MA20>MA60|MA60>MA120|close>MA20|rs20=24.40|rs60=65.59|up_volume_confirm|volume_not_exhausted|pullback_volume_control|high_atr|extended_from_ma20|trend_ma20_gt_ma60|price_recovered|volume_confirmed|rsi_entry_zone
cand_ced7981f2758cc70,2026-06-25,300382,斯莱克,制造业,NORMAL,1,1,1,1,1,fallback,1,1,1,1,75.000000,0.000000,75.000000,35.000000,20.000000,20.000000,0.000000,0.000000,60.000000,1,3,1,ok,intent_cf558a05f2a55995,pend_5b1887d181e59185,400,400,19.050000,18.237800,22.898571,4.738453,568.540000,18.237800,22.898571,4.738453,ok,MA20>MA60|MA60>MA120|close>MA20|rs20=8.67|rs60=65.75|up_volume_confirm|volume_not_exhausted|pullback_volume_control|high_atr|extended_from_ma20|trend_ma20_gt_ma60|price_recovered|volume_confirmed|rsi_entry_zone
cand_d593657b2194808b,2026-06-26,002056,横店东磁,制造业,NORMAL,1,1,1,1,1,fallback,1,1,1,1,80.000000,0.000000,80.000000,35.000000,20.000000,20.000000,5.000000,0.000000,60.000000,1,1,1,ok,intent_d47598c4ddc64787,pend_7393383604e5c9e8,300,300,30.520000,29.213800,37.094286,5.033139,522.480000,29.213800,37.094286,5.033139,ok,MA20>MA60|MA60>MA120|close>MA20|rs20=14.10|rs60=34.30|up_volume_confirm|volume_not_exhausted|pullback_volume_control|high_atr|trend_ma20_gt_ma60|price_recovered|volume_confirmed|rsi_entry_zone
cand_c59fd2ae36b15887,2026-06-29,002179,中航光电,制造业,NORMAL,1,1,1,1,1,fallback,1,1,1,1,87.000000,0.000000,87.000000,35.000000,20.000000,20.000000,12.000000,0.000000,60.000000,1,1,1,ok,intent_2414b4b2f39f0241,pend_4da70bf82f4f4259,300,300,44.100000,42.169400,50.410714,3.268784,579.180000,42.169400,50.410714,3.268784,ok,MA20>MA60|MA60>MA120|close>MA20|rs20=20.38|rs60=20.21|up_volume_confirm|volume_not_exhausted|pullback_volume_control|mid_atr|trend_ma20_gt_ma60|price_recovered|volume_confirmed|rsi_entry_zone
cand_5113c2a328328dcb,2026-07-01,600030,中信证券,金融业,NORMAL,1,1,1,1,1,mapped,1,1,1,1,80.000000,0.612930,80.612930,25.000000,20.000000,15.000000,20.000000,80.215502,60.000000,1,1,1,ok,intent_76bb90a59c5fe0fa,pend_a595506c56abe5c5,500,500,29.470000,27.939800,32.808571,2.181788,765.100000,27.939800,32.808571,2.181788,ok,MA20>MA60|close>MA20|rs20=14.30|rs60=10.67|up_volume_confirm|volume_not_exhausted|trend_ma20_gt_ma60|price_recovered|volume_confirmed|rsi_entry_zone
cand_e1f055dc8cdea450,2026-07-01,688216,气派科技,制造业,NORMAL,1,1,1,1,1,fallback,1,1,1,1,80.000000,0.000000,80.000000,40.000000,20.000000,20.000000,0.000000,0.000000,60.000000,1,2,1,ok,intent_f978da0319431041,pend_73e4ddda8959bc34,300,300,42.750000,40.385800,53.153571,4.400462,709.260000,40.385800,53.153571,4.400462,ok,MA20>MA60|MA60>MA120|close>MA20|trend_persistence|rs20=32.03|rs60=45.38|up_volume_confirm|volume_not_exhausted|pullback_volume_control|high_atr|extended_from_ma20|trend_ma20_gt_ma60|price_recovered|volume_confirmed|rsi_entry_zone
cand_265d372f21ed0785,2026-07-01,000970,中科三环,制造业,NORMAL,1,1,1,1,1,fallback,1,1,1,1,75.000000,0.000000,75.000000,30.000000,20.000000,20.000000,5.000000,0.000000,60.000000,1,4,1,ok,intent_ac82285ed0a7331e,pend_28557789c956c552,700,700,15.490000,15.003800,18.382857,5.949932,437.580000,15.003800,18.382857,5.949932,ok,MA20>MA60|close>MA20|trend_persistence|rs20=39.66|rs60=22.38|up_volume_confirm|volume_not_exhausted|pullback_volume_control|high_atr|trend_ma20_gt_ma60|price_recovered|volume_confirmed|rsi_entry_zone
cand_7b9d889c8d92d57f,2026-07-02,002824,和胜股份,制造业,NORMAL,1,1,1,1,1,fallback,1,1,1,1,70.000000,0.000000,70.000000,40.000000,20.000000,5.000000,5.000000,0.000000,70.000000,1,1,1,ok,intent_8c9cb7f4278015d1,pend_7f3abbca9b30f1dc,100,100,33.180000,32.340000,34.910000,2.059524,336.000000,32.340000,34.910000,2.059524,ok,MA20>MA60|MA60>MA120|close>MA20|trend_persistence|rs20=34.65|rs60=60.56|pullback_volume_control|high_atr|trend_ma20_gt_ma60|near_ma20|pullback_reclaimed_ma20|rsi_entry_zone
cand_9f7b5a9d77356c75,2026-07-03,600885,宏发股份,制造业,NORMAL,1,1,1,1,1,fallback,1,1,1,1,82.000000,0.000000,82.000000,35.000000,20.000000,15.000000,12.000000,0.000000,60.000000,1,1,1,ok,intent_a3a10353ed383f5c,pend_06cee9c3f91b34c0,100,100,38.090000,35.260400,43.805000,2.019720,848.880000,35.260400,43.805000,2.019720,ok,MA20>MA60|MA60>MA120|close>MA20|rs20=10.42|rs60=39.93|up_volume_confirm|volume_not_exhausted|mid_atr|trend_ma20_gt_ma60|price_recovered|volume_confirmed|rsi_entry_zone
cand_7b0c915cacbe596f,2026-07-09,002077,大港股份,制造业,NORMAL,1,1,1,1,1,fallback,1,1,1,1,82.000000,0.000000,82.000000,35.000000,20.000000,15.000000,12.000000,0.000000,60.000000,1,1,1,ok,intent_10ebf59bc1f56af8,pend_22de4daa3c2322fe,700,700,20.130000,18.816000,23.412857,2.498369,919.800000,18.816000,23.412857,2.498369,ok,MA20>MA60|MA60>MA120|close>MA20|rs20=21.19|rs60=23.37|up_volume_confirm|volume_not_exhausted|mid_atr|trend_ma20_gt_ma60|price_recovered|volume_confirmed|rsi_entry_zone
