code,entry_date,exit_date,net_pnl,exit_reason,signal_date,rank,ranking_score,entry_score,relative_strength_score,reasons
002379,2026-01-06,2026-01-13,1454.318571,target_close_confirmed,2026-01-05,881,78.244375,60.000000,20.000000,MA20>MA60|MA60>MA120|close>MA20|rs20=8.85|rs60=43.71|up_volume_confirm|mid_atr|trend_ma20_gt_ma60|price_recovered|volume_confirmed|rsi_entry_zone
002446,2026-01-06,2026-01-13,3878.976164,target_close_confirmed,2026-01-05,944,88.244375,60.000000,20.000000,MA20>MA60|MA60>MA120|close>MA20|rs20=19.18|rs60=24.33|up_volume_confirm|volume_not_exhausted|pullback_volume_control|mid_atr|trend_ma20_gt_ma60|price_recovered|volume_confirmed|rsi_entry_zone
000426,2026-01-07,2026-01-15,3618.565559,target_close_confirmed,2026-01-06,85,88.564397,60.000000,20.000000,MA20>MA60|MA60>MA120|close>MA20|rs20=9.06|rs60=7.23|up_volume_confirm|volume_not_exhausted|pullback_volume_control|mid_atr|trend_ma20_gt_ma60|price_recovered|volume_confirmed|rsi_entry_zone
000603,2026-01-07,2026-01-15,1847.688542,target_close_confirmed,2026-01-06,167,81.564397,60.000000,20.000000,MA20>MA60|MA60>MA120|close>MA20|rs20=18.28|rs60=20.86|up_volume_confirm|volume_not_exhausted|pullback_volume_control|high_atr|trend_ma20_gt_ma60|price_recovered|volume_confirmed|rsi_entry_zone
601100,2026-01-14,2026-01-15,-703.517938,close_stop,2026-01-13,3715,87.682149,60.000000,20.000000,MA20>MA60|MA60>MA120|close>MA20|rs20=5.08|rs60=29.27|up_volume_confirm|volume_not_exhausted|pullback_volume_control|mid_atr|trend_ma20_gt_ma60|price_recovered|volume_confirmed|rsi_entry_zone
600650,2026-01-16,2026-01-19,-743.370113,close_stop,2026-01-15,3408,75.000000,60.000000,20.000000,MA20>MA60|close>MA20|rs20=1.49|rs60=4.90|up_volume_confirm|trend_ma20_gt_ma60|price_recovered|volume_confirmed|rsi_entry_zone
000933,2026-01-06,2026-01-20,1286.701494,target_close_confirmed,2026-01-05,378,91.244375,60.000000,20.000000,MA20>MA60|MA60>MA120|close>MA20|rs20=6.58|rs60=34.05|up_volume_confirm|volume_not_exhausted|trend_ma20_gt_ma60|price_recovered|volume_confirmed|rsi_entry_zone
002281,2026-01-16,2026-01-20,-534.185178,close_stop,2026-01-15,788,87.838491,60.000000,20.000000,MA20>MA60|MA60>MA120|close>MA20|rs20=20.26|rs60=24.69|up_volume_confirm|volume_not_exhausted|pullback_volume_control|mid_atr|trend_ma20_gt_ma60|price_recovered|volume_confirmed|rsi_entry_zone
601212,2026-01-14,2026-01-22,3927.608873,target_close_confirmed,2026-01-13,3752,82.682149,60.000000,10.000000,MA20>MA60|MA60>MA120|close>MA20|trend_persistence|rs20=24.00|up_volume_confirm|volume_not_exhausted|pullback_volume_control|mid_atr|trend_ma20_gt_ma60|price_recovered|volume_confirmed|rsi_entry_zone
300731,2026-01-23,2026-01-26,-374.207495,close_stop,2026-01-22,2219,80.000000,60.000000,20.000000,MA20>MA60|MA60>MA120|close>MA20|rs20=14.11|rs60=45.15|up_volume_confirm|volume_not_exhausted|pullback_volume_control|high_atr|trend_ma20_gt_ma60|price_recovered|volume_confirmed|rsi_entry_zone
002560,2026-01-19,2026-01-28,-12.626229,time_stop,2026-01-16,1046,78.144672,60.000000,20.000000,MA20>MA60|MA60>MA120|close>MA20|rs20=15.80|rs60=30.18|up_volume_confirm|mid_atr|trend_ma20_gt_ma60|price_recovered|volume_confirmed|rsi_entry_zone
002080,2026-01-23,2026-01-28,-726.896575,three_bars_no_high,2026-01-22,597,87.000000,60.000000,20.000000,MA20>MA60|MA60>MA120|close>MA20|rs20=6.29|rs60=18.43|up_volume_confirm|volume_not_exhausted|pullback_volume_control|mid_atr|trend_ma20_gt_ma60|price_recovered|volume_confirmed|rsi_entry_zone
688291,2026-01-20,2026-01-29,-880.716135,time_stop,2026-01-19,4869,76.002703,60.000000,20.000000,MA20>MA60|MA60>MA120|close>MA20|rs20=29.47|rs60=56.50|up_volume_confirm|volume_not_exhausted|pullback_volume_control|high_atr|extended_from_ma20|trend_ma20_gt_ma60|price_recovered|volume_confirmed|rsi_entry_zone
300242,2026-01-27,2026-01-29,-1163.274881,close_stop,2026-01-26,1755,75.800000,60.000000,20.000000,MA20>MA60|MA60>MA120|close>MA20|rs20=28.83|rs60=48.18|up_volume_confirm|volume_not_exhausted|pullback_volume_control|high_atr|extended_from_ma20|trend_ma20_gt_ma60|price_recovered|volume_confirmed|rsi_entry_zone
300244,2026-01-29,2026-01-30,435.917720,close_stop,2026-01-28,1757,70.000000,80.000000,20.000000,MA20>MA60|MA60>MA120|close>MA20|trend_persistence|rs20=54.70|rs60=45.47|pullback_volume_control|high_atr|trend_ma20_gt_ma60|near_ma20|pullback_reclaimed_ma20|volume_confirmed|rsi_entry_zone
300863,2026-01-30,2026-02-02,1048.406023,target_close_confirmed,2026-01-29,2344,72.000000,70.000000,20.000000,MA20>MA60|MA60>MA120|close>MA20|rs20=4.76|rs60=9.30|pullback_volume_control|mid_atr|trend_ma20_gt_ma60|near_ma20|pullback_reclaimed_ma20|rsi_entry_zone
600486,2026-01-21,2026-02-03,-78.476247,close_stop,2026-01-20,3270,85.000000,60.000000,20.000000,MA20>MA60|close>MA20|rs20=2.93|rs60=12.37|up_volume_confirm|volume_not_exhausted|pullback_volume_control|trend_ma20_gt_ma60|price_recovered|volume_confirmed|rsi_entry_zone
300708,2026-01-29,2026-02-03,-562.379980,close_stop,2026-01-28,2198,72.000000,60.000000,20.000000,MA20>MA60|close>MA20|rs20=17.47|rs60=14.36|up_volume_confirm|volume_not_exhausted|mid_atr|trend_ma20_gt_ma60|price_recovered|volume_confirmed|rsi_entry_zone
000560,2026-02-02,2026-02-03,-234.695900,close_stop,2026-01-30,138,77.000000,60.000000,20.000000,MA20>MA60|MA60>MA120|close>MA20|rs20=12.73|rs60=14.26|up_volume_confirm|mid_atr|trend_ma20_gt_ma60|price_recovered|volume_confirmed|rsi_entry_zone
000863,2026-02-02,2026-02-03,-1358.833637,close_stop,2026-01-30,328,77.000000,60.000000,20.000000,MA20>MA60|MA60>MA120|close>MA20|rs20=6.05|rs60=62.75|up_volume_confirm|mid_atr|trend_ma20_gt_ma60|price_recovered|volume_confirmed|rsi_entry_zone
000962,2026-02-05,2026-02-06,-1264.965941,close_stop,2026-02-04,394,75.000000,60.000000,20.000000,MA20>MA60|MA60>MA120|close>MA20|rs20=29.19|rs60=60.17|up_volume_confirm|volume_not_exhausted|pullback_volume_control|high_atr|extended_from_ma20|trend_ma20_gt_ma60|price_recovered|volume_confirmed|rsi_entry_zone
002922,2026-02-05,2026-02-06,-1381.444038,close_stop,2026-02-04,1376,80.000000,60.000000,20.000000,MA20>MA60|MA60>MA120|close>MA20|rs20=25.61|rs60=39.85|up_volume_confirm|volume_not_exhausted|pullback_volume_control|high_atr|trend_ma20_gt_ma60|price_recovered|volume_confirmed|rsi_entry_zone
000738,2026-02-05,2026-02-11,331.563104,three_bars_no_high,2026-02-04,256,70.000000,60.000000,20.000000,MA20>MA60|MA60>MA120|close>MA20|rs20=25.82|rs60=44.47|up_volume_confirm|high_atr|trend_ma20_gt_ma60|price_recovered|volume_confirmed|rsi_entry_zone
600763,2026-02-05,2026-02-11,12.842199,three_bars_no_high,2026-02-04,3504,75.000000,60.000000,20.000000,MA20>MA60|close>MA20|rs20=20.70|rs60=9.65|volume_not_exhausted|pullback_volume_control|trend_ma20_gt_ma60|price_recovered|volume_confirmed|rsi_entry_zone
002041,2026-02-11,2026-02-13,-90.848197,ma20_break,2026-02-10,560,72.000000,70.000000,20.000000,MA20>MA60|MA60>MA120|close>MA20|rs20=8.17|rs60=6.21|pullback_volume_control|mid_atr|trend_ma20_gt_ma60|near_ma20|pullback_reclaimed_ma20|rsi_entry_zone
601872,2026-02-05,2026-02-24,1797.441037,time_stop,2026-02-04,3860,92.000000,60.000000,20.000000,MA20>MA60|MA60>MA120|close>MA20|trend_persistence|rs20=34.82|rs60=40.77|up_volume_confirm|volume_not_exhausted|pullback_volume_control|mid_atr|trend_ma20_gt_ma60|price_recovered|volume_confirmed|rsi_entry_zone
300738,2026-02-12,2026-02-25,-487.141181,close_stop,2026-02-11,2225,70.000000,60.000000,20.000000,MA20>MA60|close>MA20|rs20=4.45|rs60=28.67|up_volume_confirm|volume_not_exhausted|pullback_volume_control|high_atr|trend_ma20_gt_ma60|price_recovered|volume_confirmed|rsi_entry_zone
300739,2026-02-12,2026-02-25,930.542323,target_close_confirmed,2026-02-11,2226,92.000000,60.000000,20.000000,MA20>MA60|MA60>MA120|close>MA20|trend_persistence|rs20=13.94|rs60=27.26|up_volume_confirm|volume_not_exhausted|pullback_volume_control|mid_atr|trend_ma20_gt_ma60|price_recovered|volume_confirmed|rsi_entry_zone
000628,2026-02-24,2026-02-25,-434.110183,close_stop,2026-02-13,183,75.000000,60.000000,20.000000,MA20>MA60|close>MA20|rs20=12.60|rs60=24.21|up_volume_confirm|trend_ma20_gt_ma60|price_recovered|volume_confirmed|rsi_entry_zone
000338,2026-02-11,2026-03-03,574.867072,three_bars_no_high,2026-02-10,66,82.000000,60.000000,20.000000,MA20>MA60|MA60>MA120|close>MA20|trend_persistence|rs20=37.03|rs60=49.95|volume_not_exhausted|pullback_volume_control|mid_atr|trend_ma20_gt_ma60|price_recovered|volume_confirmed|rsi_entry_zone
000021,2026-02-25,2026-03-04,-1562.768165,close_stop,2026-02-24,16,77.349376,60.000000,20.000000,MA20>MA60|MA60>MA120|close>MA20|rs20=8.32|rs60=39.97|up_volume_confirm|mid_atr|trend_ma20_gt_ma60|price_recovered|volume_confirmed|rsi_entry_zone
000683,2026-02-26,2026-03-09,1473.291245,three_bars_no_high,2026-02-25,215,82.952679,80.000000,20.000000,MA20>MA60|MA60>MA120|close>MA20|trend_persistence|rs20=5.11|rs60=21.63|up_volume_confirm|mid_atr|trend_ma20_gt_ma60|pullback_reclaimed_ma20|price_recovered|volume_confirmed|rsi_entry_zone
000688,2026-02-26,2026-03-09,-926.492326,time_stop,2026-02-25,218,76.338095,60.000000,20.000000,MA20>MA60|MA60>MA120|close>MA20|rs20=40.77|rs60=27.87|up_volume_confirm|volume_not_exhausted|pullback_volume_control|high_atr|extended_from_ma20|trend_ma20_gt_ma60|price_recovered|volume_confirmed|rsi_entry_zone
002270,2026-03-06,2026-03-12,17.959513,three_bars_no_high,2026-03-05,778,77.105197,60.000000,20.000000,MA20>MA60|MA60>MA120|close>MA20|rs20=20.31|rs60=46.43|volume_not_exhausted|pullback_volume_control|mid_atr|trend_ma20_gt_ma60|price_recovered|volume_confirmed|rsi_entry_zone
000875,2026-02-26,2026-03-16,1456.168984,three_bars_no_high,2026-02-25,331,87.362326,60.000000,20.000000,MA20>MA60|MA60>MA120|close>MA20|rs20=13.26|rs60=30.21|up_volume_confirm|volume_not_exhausted|pullback_volume_control|mid_atr|trend_ma20_gt_ma60|price_recovered|volume_confirmed|rsi_entry_zone
300185,2026-03-10,2026-03-16,4985.215960,target_close_confirmed,2026-03-09,1701,85.000000,60.000000,20.000000,MA20>MA60|close>MA20|rs20=12.30|rs60=12.72|up_volume_confirm|volume_not_exhausted|pullback_volume_control|trend_ma20_gt_ma60|price_recovered|volume_confirmed|rsi_entry_zone
300005,2026-03-11,2026-03-16,-193.612412,close_stop,2026-03-10,1532,77.805067,60.000000,20.000000,MA20>MA60|MA60>MA120|close>MA20|rs20=7.87|rs60=49.44|volume_not_exhausted|pullback_volume_control|mid_atr|trend_ma20_gt_ma60|price_recovered|volume_confirmed|rsi_entry_zone
000591,2026-03-06,2026-03-17,-397.617094,close_stop,2026-03-05,157,86.352000,60.000000,20.000000,MA20>MA60|MA60>MA120|close>MA20|rs20=9.50|rs60=33.03|up_volume_confirm|trend_ma20_gt_ma60|price_recovered|volume_confirmed|rsi_entry_zone
000545,2026-03-13,2026-03-19,-496.229999,close_stop,2026-03-12,125,70.126735,60.000000,20.000000,MA20>MA60|MA60>MA120|close>MA20|trend_persistence|rs20=33.80|rs60=24.05|up_volume_confirm|high_atr|extended_from_ma20|trend_ma20_gt_ma60|price_recovered|volume_confirmed|rsi_entry_zone
600667,2026-03-18,2026-03-23,-2272.631676,close_stop,2026-03-17,3422,70.000000,60.000000,20.000000,MA20>MA60|MA60>MA120|close>MA20|rs20=19.04|rs60=49.43|up_volume_confirm|high_atr|trend_ma20_gt_ma60|price_recovered|volume_confirmed|rsi_entry_zone
300279,2026-03-17,2026-03-24,-1797.871335,close_stop,2026-03-16,1790,87.210543,60.000000,20.000000,MA20>MA60|MA60>MA120|close>MA20|trend_persistence|rs20=25.32|rs60=56.07|up_volume_confirm|volume_not_exhausted|mid_atr|trend_ma20_gt_ma60|price_recovered|volume_confirmed|rsi_entry_zone
300486,2026-03-20,2026-03-24,-2149.755550,close_stop,2026-03-19,1983,72.000000,60.000000,20.000000,MA20>MA60|close>MA20|rs20=23.59|rs60=26.47|up_volume_confirm|volume_not_exhausted|mid_atr|trend_ma20_gt_ma60|price_recovered|volume_confirmed|rsi_entry_zone
601991,2026-03-20,2026-03-24,-184.395073,close_stop,2026-03-19,3896,72.601351,70.000000,20.000000,MA20>MA60|MA60>MA120|close>MA20|rs20=15.14|rs60=16.40|pullback_volume_control|mid_atr|trend_ma20_gt_ma60|near_ma20|pullback_reclaimed_ma20|rsi_entry_zone
000509,2026-03-26,2026-03-30,-802.895249,close_stop,2026-03-25,97,70.000000,60.000000,20.000000,MA20>MA60|MA60>MA120|close>MA20|trend_persistence|rs20=34.96|rs60=33.33|up_volume_confirm|high_atr|extended_from_ma20|trend_ma20_gt_ma60|price_recovered|volume_confirmed|rsi_entry_zone
300231,2026-03-26,2026-03-30,-458.810234,close_stop,2026-03-25,1744,87.000000,60.000000,20.000000,MA20>MA60|MA60>MA120|close>MA20|rs20=15.16|rs60=25.55|up_volume_confirm|volume_not_exhausted|pullback_volume_control|mid_atr|trend_ma20_gt_ma60|price_recovered|volume_confirmed|rsi_entry_zone
000993,2026-03-27,2026-03-31,-523.154516,close_stop,2026-03-26,415,78.039773,60.000000,20.000000,MA20>MA60|MA60>MA120|close>MA20|rs20=27.23|rs60=28.50|up_volume_confirm|mid_atr|trend_ma20_gt_ma60|price_recovered|volume_confirmed|rsi_entry_zone
002428,2026-03-31,2026-04-01,-270.159159,close_stop,2026-03-30,928,75.000000,60.000000,20.000000,MA20>MA60|MA60>MA120|close>MA20|rs20=19.61|rs60=75.55|up_volume_confirm|volume_not_exhausted|pullback_volume_control|high_atr|extended_from_ma20|trend_ma20_gt_ma60|price_recovered|volume_confirmed|rsi_entry_zone
000688,2026-03-27,2026-04-02,-29.892019,three_bars_no_high,2026-03-26,218,70.000000,60.000000,20.000000,MA20>MA60|MA60>MA120|close>MA20|rs20=16.02|rs60=51.78|volume_not_exhausted|pullback_volume_control|high_atr|trend_ma20_gt_ma60|price_recovered|volume_confirmed|rsi_entry_zone
002263,2026-03-31,2026-04-03,2031.244966,target_close_confirmed,2026-03-30,771,72.000000,60.000000,20.000000,MA20>MA60|close>MA20|trend_persistence|rs20=20.83|rs60=23.65|up_volume_confirm|mid_atr|trend_ma20_gt_ma60|price_recovered|volume_confirmed|rsi_entry_zone
002980,2026-03-26,2026-04-08,2928.979750,target_close_confirmed,2026-03-25,1428,75.000000,60.000000,20.000000,MA20>MA60|MA60>MA120|close>MA20|trend_persistence|rs20=65.46|rs60=95.15|volume_not_exhausted|pullback_volume_control|high_atr|trend_ma20_gt_ma60|price_recovered|volume_confirmed|rsi_entry_zone
003018,2026-04-02,2026-04-08,-707.737100,close_stop,2026-04-01,1464,80.000000,60.000000,20.000000,MA20>MA60|MA60>MA120|close>MA20|rs20=8.32|rs60=78.86|up_volume_confirm|volume_not_exhausted|pullback_volume_control|high_atr|trend_ma20_gt_ma60|price_recovered|volume_confirmed|rsi_entry_zone
600015,2026-04-01,2026-04-09,48.504866,three_bars_no_high,2026-03-31,2922,80.000000,100.000000,20.000000,MA20>MA60|close>MA20|trend_persistence|rs20=12.23|rs60=11.01|up_volume_confirm|trend_ma20_gt_ma60|near_ma20|pullback_reclaimed_ma20|price_recovered|volume_confirmed|rsi_entry_zone
002840,2026-04-03,2026-04-14,199.886205,three_bars_no_high,2026-04-02,1300,72.000000,60.000000,20.000000,MA20>MA60|close>MA20|rs20=24.60|rs60=23.17|up_volume_confirm|volume_not_exhausted|mid_atr|trend_ma20_gt_ma60|price_recovered|volume_confirmed|rsi_entry_zone
300531,2026-04-09,2026-04-14,-234.026013,three_bars_no_high,2026-04-08,2025,87.000000,60.000000,20.000000,MA20>MA60|MA60>MA120|close>MA20|trend_persistence|rs20=26.56|rs60=18.11|up_volume_confirm|volume_not_exhausted|mid_atr|trend_ma20_gt_ma60|price_recovered|volume_confirmed|rsi_entry_zone
000062,2026-04-10,2026-04-15,172.642910,three_bars_no_high,2026-04-09,42,72.000000,60.000000,20.000000,MA20>MA60|close>MA20|rs20=13.55|rs60=19.87|up_volume_confirm|volume_not_exhausted|mid_atr|trend_ma20_gt_ma60|price_recovered|volume_confirmed|rsi_entry_zone
002645,2026-04-09,2026-04-17,2308.260486,target_close_confirmed,2026-04-08,1126,77.000000,60.000000,20.000000,MA20>MA60|MA60>MA120|close>MA20|rs20=25.89|rs60=30.82|up_volume_confirm|mid_atr|trend_ma20_gt_ma60|price_recovered|volume_confirmed|rsi_entry_zone
003031,2026-04-09,2026-04-20,2803.373008,target_close_confirmed,2026-04-08,1476,79.000000,60.000000,20.000000,MA20>MA60|MA60>MA120|close>MA20|rs20=18.43|rs60=27.29|up_volume_confirm|volume_not_exhausted|pullback_volume_control|mid_atr|extended_from_ma20|trend_ma20_gt_ma60|price_recovered|volume_confirmed|rsi_entry_zone
002638,2026-04-15,2026-04-20,-174.425940,three_bars_no_high,2026-04-14,1119,77.747896,60.000000,20.000000,MA20>MA60|MA60>MA120|close>MA20|rs20=16.24|rs60=55.13|up_volume_confirm|mid_atr|trend_ma20_gt_ma60|price_recovered|volume_confirmed|rsi_entry_zone
002437,2026-04-16,2026-04-22,-45.126815,three_bars_no_high,2026-04-15,935,77.753002,60.000000,20.000000,MA20>MA60|MA60>MA120|close>MA20|rs20=15.69|rs60=23.99|up_volume_confirm|mid_atr|trend_ma20_gt_ma60|price_recovered|volume_confirmed|rsi_entry_zone
600539,2026-04-16,2026-04-23,287.703283,three_bars_no_high,2026-04-15,3316,80.196744,60.000000,20.000000,MA20>MA60|MA60>MA120|close>MA20|trend_persistence|rs20=33.65|rs60=52.33|up_volume_confirm|volume_not_exhausted|pullback_volume_control|high_atr|extended_from_ma20|trend_ma20_gt_ma60|price_recovered|volume_confirmed|rsi_entry_zone
002246,2026-04-21,2026-04-24,-1299.075259,three_bars_no_high,2026-04-20,756,83.288942,60.000000,20.000000,MA20>MA60|MA60>MA120|close>MA20|rs20=7.10|rs60=35.53|up_volume_confirm|volume_not_exhausted|mid_atr|trend_ma20_gt_ma60|price_recovered|volume_confirmed|rsi_entry_zone
000062,2026-04-20,2026-04-28,3648.137285,target_close_confirmed,2026-04-17,42,72.321671,60.000000,20.000000,MA20>MA60|close>MA20|rs20=8.75|rs60=17.72|up_volume_confirm|volume_not_exhausted|mid_atr|trend_ma20_gt_ma60|price_recovered|volume_confirmed|rsi_entry_zone
003036,2026-04-24,2026-04-28,1966.303783,target_close_confirmed,2026-04-23,1480,80.935680,60.000000,20.000000,MA20>MA60|MA60>MA120|close>MA20|rs20=25.76|rs60=84.11|up_volume_confirm|volume_not_exhausted|pullback_volume_control|high_atr|trend_ma20_gt_ma60|price_recovered|volume_confirmed|rsi_entry_zone
002245,2026-04-23,2026-04-29,47.724785,three_bars_no_high,2026-04-22,755,88.310845,60.000000,20.000000,MA20>MA60|MA60>MA120|close>MA20|rs20=10.15|rs60=12.34|up_volume_confirm|volume_not_exhausted|pullback_volume_control|mid_atr|trend_ma20_gt_ma60|price_recovered|volume_confirmed|rsi_entry_zone
300184,2026-04-21,2026-04-30,328.582767,three_bars_no_high,2026-04-20,1700,77.773529,60.000000,20.000000,MA20>MA60|MA60>MA120|close>MA20|rs20=12.81|rs60=21.70|up_volume_confirm|mid_atr|trend_ma20_gt_ma60|price_recovered|volume_confirmed|rsi_entry_zone
000155,2026-04-29,2026-05-06,-273.247812,close_stop,2026-04-28,58,92.162444,60.000000,20.000000,MA20>MA60|MA60>MA120|close>MA20|trend_persistence|rs20=0.89|rs60=28.56|up_volume_confirm|volume_not_exhausted|pullback_volume_control|mid_atr|trend_ma20_gt_ma60|price_recovered|volume_confirmed|rsi_entry_zone
300054,2026-04-27,2026-05-07,1982.831363,target_close_confirmed,2026-04-24,1578,87.932732,60.000000,20.000000,MA20>MA60|MA60>MA120|close>MA20|rs20=19.50|rs60=21.73|up_volume_confirm|volume_not_exhausted|pullback_volume_control|mid_atr|trend_ma20_gt_ma60|price_recovered|volume_confirmed|rsi_entry_zone
002181,2026-04-30,2026-05-07,2964.204550,target_close_confirmed,2026-04-29,692,80.000000,60.000000,20.000000,MA20>MA60|MA60>MA120|close>MA20|rs20=13.77|rs60=25.49|up_volume_confirm|volume_not_exhausted|pullback_volume_control|high_atr|trend_ma20_gt_ma60|price_recovered|volume_confirmed|rsi_entry_zone
002386,2026-04-29,2026-05-08,-54.024666,close_stop,2026-04-28,888,95.798244,60.000000,20.000000,MA20>MA60|MA60>MA120|close>MA20|rs20=7.82|rs60=12.94|up_volume_confirm|volume_not_exhausted|pullback_volume_control|trend_ma20_gt_ma60|price_recovered|volume_confirmed|rsi_entry_zone
001283,2026-05-06,2026-05-11,-246.273305,three_bars_no_high,2026-04-30,464,90.892623,60.000000,20.000000,MA20>MA60|close>MA20|trend_persistence|rs20=2.91|rs60=3.38|up_volume_confirm|volume_not_exhausted|pullback_volume_control|trend_ma20_gt_ma60|price_recovered|volume_confirmed|rsi_entry_zone
000949,2026-05-07,2026-05-11,-1334.054765,close_stop,2026-05-06,384,93.311360,60.000000,20.000000,MA20>MA60|MA60>MA120|close>MA20|trend_persistence|rs20=21.05|rs60=7.16|up_volume_confirm|volume_not_exhausted|pullback_volume_control|mid_atr|trend_ma20_gt_ma60|price_recovered|volume_confirmed|rsi_entry_zone
002364,2026-05-08,2026-05-13,-240.126662,three_bars_no_high,2026-05-07,866,80.210429,60.000000,20.000000,MA20>MA60|MA60>MA120|close>MA20|trend_persistence|rs20=59.49|rs60=38.42|up_volume_confirm|volume_not_exhausted|mid_atr|extended_from_ma20|trend_ma20_gt_ma60|price_recovered|volume_confirmed|rsi_entry_zone
001287,2026-05-12,2026-05-13,-1157.981762,close_stop,2026-05-11,466,87.646341,60.000000,20.000000,MA20>MA60|MA60>MA120|close>MA20|rs20=14.10|rs60=22.15|up_volume_confirm|volume_not_exhausted|pullback_volume_control|mid_atr|trend_ma20_gt_ma60|price_recovered|volume_confirmed|rsi_entry_zone
002429,2026-05-12,2026-05-18,-1086.199495,close_stop,2026-05-11,929,76.285823,60.000000,20.000000,MA20>MA60|MA60>MA120|close>MA20|rs20=21.08|rs60=34.21|up_volume_confirm|volume_not_exhausted|pullback_volume_control|high_atr|extended_from_ma20|trend_ma20_gt_ma60|price_recovered|volume_confirmed|rsi_entry_zone
300166,2026-05-08,2026-05-19,791.405002,three_bars_no_high,2026-05-07,1683,71.265541,60.000000,20.000000,MA20>MA60|MA60>MA120|close>MA20|rs20=17.37|rs60=67.74|up_volume_confirm|volume_not_exhausted|high_atr|extended_from_ma20|trend_ma20_gt_ma60|price_recovered|volume_confirmed|rsi_entry_zone
002579,2026-05-14,2026-05-19,-933.106223,three_bars_no_high,2026-05-13,1065,82.000000,80.000000,20.000000,MA20>MA60|MA60>MA120|close>MA20|rs20=1.68|rs60=11.80|up_volume_confirm|volume_not_exhausted|mid_atr|trend_ma20_gt_ma60|pullback_reclaimed_ma20|price_recovered|volume_confirmed|rsi_entry_zone
300400,2026-05-11,2026-05-20,233.473609,three_bars_no_high,2026-05-08,1898,83.164052,60.000000,20.000000,MA20>MA60|MA60>MA120|close>MA20|rs20=0.77|rs60=39.24|up_volume_confirm|volume_not_exhausted|mid_atr|trend_ma20_gt_ma60|price_recovered|volume_confirmed|rsi_entry_zone
003816,2026-05-14,2026-05-21,-1062.500668,close_stop,2026-05-13,1488,96.368696,60.000000,20.000000,MA20>MA60|MA60>MA120|close>MA20|rs20=0.01|rs60=16.84|up_volume_confirm|volume_not_exhausted|pullback_volume_control|trend_ma20_gt_ma60|price_recovered|volume_confirmed|rsi_entry_zone
300166,2026-05-20,2026-05-22,-1161.896112,close_stop,2026-05-19,1683,76.277193,60.000000,20.000000,MA20>MA60|MA60>MA120|close>MA20|rs20=24.41|rs60=64.39|up_volume_confirm|volume_not_exhausted|pullback_volume_control|high_atr|extended_from_ma20|trend_ma20_gt_ma60|price_recovered|volume_confirmed|rsi_entry_zone
688191,2026-05-20,2026-05-22,-1070.410793,close_stop,2026-05-19,4784,76.277193,60.000000,20.000000,MA20>MA60|MA60>MA120|close>MA20|rs20=38.29|rs60=38.90|up_volume_confirm|volume_not_exhausted|pullback_volume_control|high_atr|extended_from_ma20|trend_ma20_gt_ma60|price_recovered|volume_confirmed|rsi_entry_zone
000006,2026-05-20,2026-05-25,-514.738416,three_bars_no_high,2026-05-19,4,77.000000,60.000000,20.000000,MA20>MA60|close>MA20|rs20=16.06|rs60=17.71|up_volume_confirm|volume_not_exhausted|pullback_volume_control|mid_atr|trend_ma20_gt_ma60|price_recovered|volume_confirmed|rsi_entry_zone
300536,2026-05-27,2026-05-28,-1224.489017,close_stop,2026-05-26,2030,70.000000,70.000000,20.000000,MA20>MA60|MA60>MA120|close>MA20|trend_persistence|rs20=35.51|rs60=31.16|pullback_volume_control|high_atr|trend_ma20_gt_ma60|near_ma20|pullback_reclaimed_ma20|rsi_entry_zone
300199,2026-05-26,2026-05-29,-356.217323,close_stop,2026-05-25,1714,87.000000,60.000000,20.000000,MA20>MA60|MA60>MA120|close>MA20|rs20=10.04|rs60=34.92|up_volume_confirm|volume_not_exhausted|pullback_volume_control|mid_atr|trend_ma20_gt_ma60|price_recovered|volume_confirmed|rsi_entry_zone
300684,2026-05-26,2026-06-01,-1881.883173,close_stop,2026-05-25,2175,80.000000,60.000000,20.000000,MA20>MA60|MA60>MA120|close>MA20|rs20=3.18|rs60=16.87|up_volume_confirm|volume_not_exhausted|pullback_volume_control|high_atr|trend_ma20_gt_ma60|price_recovered|volume_confirmed|rsi_entry_zone
300221,2026-05-26,2026-06-02,-10.073651,three_bars_no_high,2026-05-25,1734,87.000000,60.000000,20.000000,MA20>MA60|MA60>MA120|close>MA20|rs20=13.55|rs60=13.38|up_volume_confirm|volume_not_exhausted|pullback_volume_control|mid_atr|trend_ma20_gt_ma60|price_recovered|volume_confirmed|rsi_entry_zone
001301,2026-06-03,2026-06-08,-1054.263375,close_stop,2026-06-02,473,77.000000,60.000000,20.000000,MA20>MA60|close>MA20|rs20=9.47|rs60=24.49|up_volume_confirm|volume_not_exhausted|pullback_volume_control|mid_atr|trend_ma20_gt_ma60|price_recovered|volume_confirmed|rsi_entry_zone
301458,2026-06-03,2026-06-08,2011.084990,target_close_confirmed,2026-06-02,2822,75.000000,60.000000,20.000000,MA20>MA60|MA60>MA120|close>MA20|rs20=23.05|rs60=24.65|up_volume_confirm|volume_not_exhausted|high_atr|trend_ma20_gt_ma60|price_recovered|volume_confirmed|rsi_entry_zone
002897,2026-06-04,2026-06-09,-661.671441,close_stop,2026-06-03,1353,70.000000,60.000000,20.000000,MA20>MA60|MA60>MA120|close>MA20|rs20=51.91|rs60=24.40|up_volume_confirm|volume_not_exhausted|high_atr|extended_from_ma20|trend_ma20_gt_ma60|price_recovered|volume_confirmed|rsi_entry_zone
600378,2026-06-03,2026-06-11,3915.594134,target_close_confirmed,2026-06-02,3202,70.000000,60.000000,20.000000,MA20>MA60|MA60>MA120|close>MA20|rs20=17.03|rs60=8.46|up_volume_confirm|volume_not_exhausted|high_atr|extended_from_ma20|trend_ma20_gt_ma60|price_recovered|volume_confirmed|rsi_entry_zone
301228,2026-06-03,2026-06-15,557.561790,close_stop,2026-06-02,2675,80.000000,60.000000,20.000000,MA20>MA60|MA60>MA120|close>MA20|rs20=35.62|rs60=69.65|up_volume_confirm|volume_not_exhausted|pullback_volume_control|high_atr|trend_ma20_gt_ma60|price_recovered|volume_confirmed|rsi_entry_zone
600888,2026-06-09,2026-06-15,734.261882,close_stop,2026-06-08,3610,70.000000,80.000000,20.000000,MA20>MA60|MA60>MA120|close>MA20|trend_persistence|rs20=25.81|rs60=13.41|pullback_volume_control|high_atr|trend_ma20_gt_ma60|near_ma20|pullback_reclaimed_ma20|volume_confirmed|rsi_entry_zone
300398,2026-06-10,2026-06-15,-200.536925,close_stop,2026-06-09,1896,80.000000,60.000000,20.000000,MA20>MA60|MA60>MA120|close>MA20|rs20=17.12|rs60=53.07|up_volume_confirm|volume_not_exhausted|pullback_volume_control|high_atr|trend_ma20_gt_ma60|price_recovered|volume_confirmed|rsi_entry_zone
300400,2026-06-10,2026-06-16,593.005550,target_close_confirmed,2026-06-09,1898,75.000000,60.000000,20.000000,MA20>MA60|MA60>MA120|close>MA20|rs20=15.42|rs60=53.61|up_volume_confirm|volume_not_exhausted|high_atr|trend_ma20_gt_ma60|price_recovered|volume_confirmed|rsi_entry_zone
000657,2026-06-12,2026-06-22,2252.679077,target_close_confirmed,2026-06-11,199,75.000000,60.000000,20.000000,MA20>MA60|MA60>MA120|close>MA20|rs20=35.92|rs60=37.88|up_volume_confirm|volume_not_exhausted|pullback_volume_control|high_atr|extended_from_ma20|trend_ma20_gt_ma60|price_recovered|volume_confirmed|rsi_entry_zone
002815,2026-06-17,2026-06-24,-1636.341076,close_stop,2026-06-16,1276,75.000000,60.000000,20.000000,MA20>MA60|MA60>MA120|close>MA20|rs20=22.45|rs60=15.41|up_volume_confirm|volume_not_exhausted|high_atr|trend_ma20_gt_ma60|price_recovered|volume_confirmed|rsi_entry_zone
002903,2026-06-17,2026-06-25,-486.177174,three_bars_no_high,2026-06-16,1359,75.000000,60.000000,20.000000,MA20>MA60|MA60>MA120|close>MA20|rs20=10.00|rs60=72.28|up_volume_confirm|volume_not_exhausted|pullback_volume_control|high_atr|extended_from_ma20|trend_ma20_gt_ma60|price_recovered|volume_confirmed|rsi_entry_zone
003022,2026-06-17,2026-06-26,-246.215649,three_bars_no_high,2026-06-16,1468,80.000000,60.000000,20.000000,MA20>MA60|MA60>MA120|close>MA20|rs20=17.24|rs60=38.56|up_volume_confirm|volume_not_exhausted|pullback_volume_control|high_atr|trend_ma20_gt_ma60|price_recovered|volume_confirmed|rsi_entry_zone
300031,2026-06-18,2026-06-26,880.109058,three_bars_no_high,2026-06-17,1556,92.000000,60.000000,20.000000,MA20>MA60|MA60>MA120|close>MA20|trend_persistence|rs20=3.41|rs60=27.08|up_volume_confirm|volume_not_exhausted|pullback_volume_control|mid_atr|trend_ma20_gt_ma60|price_recovered|volume_confirmed|rsi_entry_zone
002536,2026-06-26,2026-06-29,-1216.986434,close_stop,2026-06-25,1022,75.000000,60.000000,20.000000,MA20>MA60|MA60>MA120|close>MA20|rs20=24.40|rs60=65.59|up_volume_confirm|volume_not_exhausted|pullback_volume_control|high_atr|extended_from_ma20|trend_ma20_gt_ma60|price_recovered|volume_confirmed|rsi_entry_zone
300382,2026-06-26,2026-07-01,1913.775366,target_close_confirmed,2026-06-25,1881,75.000000,60.000000,20.000000,MA20>MA60|MA60>MA120|close>MA20|rs20=8.67|rs60=65.75|up_volume_confirm|volume_not_exhausted|pullback_volume_control|high_atr|extended_from_ma20|trend_ma20_gt_ma60|price_recovered|volume_confirmed|rsi_entry_zone
000100,2026-06-29,2026-07-06,-109.514920,close_stop,2026-06-26,55,72.000000,60.000000,20.000000,MA20>MA60|close>MA20|rs20=18.58|rs60=16.59|up_volume_confirm|volume_not_exhausted|mid_atr|trend_ma20_gt_ma60|price_recovered|volume_confirmed|rsi_entry_zone
300416,2026-06-29,2026-07-06,-94.182974,close_stop,2026-06-26,1914,77.000000,60.000000,20.000000,MA20>MA60|close>MA20|rs20=5.66|rs60=14.58|up_volume_confirm|volume_not_exhausted|pullback_volume_control|mid_atr|trend_ma20_gt_ma60|price_recovered|volume_confirmed|rsi_entry_zone
002106,2026-06-30,2026-07-06,-1259.785138,close_stop,2026-06-29,621,70.000000,60.000000,20.000000,MA20>MA60|MA60>MA120|close>MA20|rs20=36.03|rs60=37.68|up_volume_confirm|volume_not_exhausted|high_atr|extended_from_ma20|trend_ma20_gt_ma60|price_recovered|volume_confirmed|rsi_entry_zone
000725,2026-06-23,2026-07-07,1222.357213,close_stop,2026-06-22,246,75.000000,60.000000,20.000000,MA20>MA60|MA60>MA120|close>MA20|rs20=29.87|rs60=64.55|up_volume_confirm|volume_not_exhausted|pullback_volume_control|high_atr|extended_from_ma20|trend_ma20_gt_ma60|price_recovered|volume_confirmed|rsi_entry_zone
000970,2026-07-02,2026-07-09,-146.577248,end_of_backtest,2026-07-01,401,75.000000,60.000000,20.000000,MA20>MA60|close>MA20|trend_persistence|rs20=39.66|rs60=22.38|up_volume_confirm|volume_not_exhausted|pullback_volume_control|high_atr|trend_ma20_gt_ma60|price_recovered|volume_confirmed|rsi_entry_zone
